fact_id,service_id,hotel_id,room_id,booking_id,guest_id,channel_id,employee_id,sales_date,sales
4994,2,1,23,1,102808,3,2,2022-08-12,100
4995,43,3,86,2,146153,3,5,2022-09-20,100
4996,24,1,1,3,26197,8,5,2022-12-26,100
4997,45,4,138,4,116565,4,4,2022-03-30,100
4998,24,2,42,5,37217,2,1,2022-04-25,100
4999,19,3,117,6,32362,6,2,2022-04-08,100
5000,20,4,179,7,31701,2,4,2022-11-25,100
5001,59,3,88,8,74213,2,4,2022-07-08,100
5002,52,4,154,9,2896,2,2,2023-01-15,100
5003,12,2,45,10,93650,4,2,2022-12-29,100
5004,13,2,78,11,144272,7,3,2022-05-14,100
5005,58,4,160,12,119645,4,5,2022-03-17,100
5006,9,1,2,13,18138,1,1,2023-01-04,100
5007,55,1,26,14,92720,4,2,2022-08-25,100
5008,13,3,99,15,142469,5,5,2022-06-21,100
5009,2,4,153,16,56268,5,1,2022-06-26,100
5010,43,2,73,17,102610,7,1,2022-11-25,100
5011,60,2,69,18,103150,3,5,2022-05-17,100
5012,77,1,23,19,84254,4,5,2022-09-20,100
5013,42,1,31,20,24385,4,5,2022-10-20,100
5014,46,2,42,21,94250,4,4,2022-04-15,100
5015,19,4,150,22,122426,2,5,2022-08-11,100
5016,73,3,96,23,134626,1,2,2022-10-20,100
5017,42,1,2,24,102867,2,1,2022-06-22,100
5018,4,2,77,25,31494,2,4,2023-01-03,100
5019,43,4,174,26,85387,4,1,2022-04-03,100
5020,11,1,11,27,45048,1,5,2022-09-03,100
5021,52,3,116,28,111909,5,3,2022-09-15,100
5022,27,4,140,29,112029,6,1,2022-09-28,100
5023,57,1,26,30,101202,2,1,2023-02-03,100
5024,65,2,46,31,146814,7,5,2022-03-10,100
5025,33,3,111,32,135212,4,5,2022-07-15,100
5026,33,1,19,33,9540,1,5,2022-11-27,100
5027,17,4,167,34,106312,3,4,2022-03-31,100
5028,2,1,33,35,144522,6,5,2022-10-17,100
5029,14,2,76,36,131704,3,2,2023-01-17,100
5030,63,4,172,37,83150,7,1,2022-07-03,100
5031,29,4,166,38,147650,4,2,2022-07-15,100
5032,38,3,114,39,106019,2,5,2022-03-21,100
5033,11,4,172,40,60056,5,4,2022-06-27,100
5034,30,2,67,41,97859,6,2,2022-04-26,100
5035,38,2,63,42,25093,2,3,2022-09-09,100
5036,30,2,45,43,8675,3,2,2022-05-05,100
5037,19,2,61,44,113238,2,4,2022-09-04,100
5038,31,2,46,45,44185,8,2,2022-08-11,100
5039,62,4,137,46,15475,6,4,2022-07-09,100
5040,71,1,13,47,58809,8,5,2022-06-18,100
5041,55,2,60,48,70148,1,1,2022-05-18,100
5042,52,2,75,49,82897,4,4,2022-11-09,100
5043,13,1,27,50,51916,8,5,2022-09-18,100
5044,58,3,104,51,548,8,2,2022-04-14,100
5045,26,1,34,52,108295,4,3,2022-04-19,100
5046,18,1,18,53,53174,5,5,2022-05-25,100
5047,50,3,103,54,142721,6,1,2022-07-25,100
5048,60,2,69,55,45779,8,5,2022-09-26,100
5049,70,4,172,56,75012,3,5,2023-01-04,100
5050,26,4,152,57,59384,8,1,2022-08-05,100
5051,63,4,127,58,111607,2,1,2022-12-12,100
5052,22,2,70,59,127865,3,4,2022-04-18,100
5053,31,4,125,60,97819,8,3,2022-06-01,100
5054,61,4,138,61,56903,2,2,2022-12-16,100
5055,64,4,175,62,47228,7,1,2022-07-08,100
5056,39,3,96,63,38777,8,3,2022-05-30,100
5057,65,4,157,64,72675,2,2,2022-11-09,100
5058,40,1,31,65,33685,1,3,2022-03-24,100
5059,10,4,125,66,52110,5,3,2023-01-03,100
5060,66,4,175,67,72128,5,2,2022-08-10,100
5061,24,3,114,68,30219,8,3,2023-01-24,100
5062,54,3,87,69,105097,7,2,2022-09-28,100
5063,6,1,23,70,10606,1,3,2022-03-09,100
5064,23,1,36,71,145867,6,5,2022-12-24,100
5065,65,2,74,72,7444,2,5,2022-07-14,100
5066,7,4,173,73,107596,8,5,2022-11-02,100
5067,13,3,116,74,15212,3,3,2022-10-12,100
5068,33,3,100,75,23747,2,3,2022-07-08,100
5069,10,4,139,76,40078,2,3,2022-08-31,100
5070,75,3,81,77,35316,7,1,2022-04-01,100
5071,72,2,45,78,145020,1,4,2023-01-24,100
5072,62,1,10,79,145426,5,3,2022-06-25,100
5073,23,4,153,80,89811,2,4,2022-05-22,100
5074,23,1,2,81,115693,6,3,2022-10-02,100
5075,57,1,26,82,46217,1,2,2022-06-13,100
5076,22,3,91,83,46596,3,4,2022-12-27,100
5077,12,4,123,84,36191,8,3,2022-09-28,100
5078,54,2,77,85,69752,3,3,2022-04-14,100
5079,71,3,104,86,113989,3,1,2022-05-01,100
5080,37,4,142,87,42582,1,5,2022-05-06,100
5081,9,1,13,88,51501,6,4,2022-08-26,100
5082,16,3,98,89,74147,7,1,2022-10-04,100
5083,72,2,47,90,12837,3,5,2022-09-03,100
5084,2,4,122,91,91665,3,3,2022-12-02,100
5085,13,1,37,92,63976,5,4,2022-12-27,100
5086,15,2,54,93,108677,3,4,2022-10-31,100
5087,7,2,39,94,100933,6,5,2022-05-15,100
5088,2,4,143,95,39343,6,3,2022-04-29,100
5089,56,2,52,96,13376,6,4,2022-12-19,100
5090,32,4,135,97,10312,5,5,2022-11-03,100
5091,48,2,41,98,115492,7,2,2022-07-06,100
5092,39,4,138,99,141060,7,1,2022-07-26,100
5093,13,2,48,100,93513,1,2,2022-05-27,100
5094,78,1,28,101,47580,2,5,2022-12-26,100
5095,10,4,121,102,46993,7,1,2022-09-12,100
5096,23,2,65,103,40518,5,5,2023-02-05,100
5097,64,1,17,104,4417,5,4,2022-07-16,100
5098,72,4,122,105,50799,6,4,2022-10-22,100
5099,39,3,89,106,147165,8,2,2022-04-16,100
5100,63,4,127,107,149612,6,1,2022-03-25,100
5101,19,4,179,108,39922,7,3,2023-01-02,100
5102,40,1,26,109,125897,4,1,2022-11-28,100
5103,40,1,24,110,37002,5,4,2022-10-21,100
5104,43,3,102,111,41227,6,5,2022-05-08,100
5105,34,3,112,112,96077,6,5,2022-06-09,100
5106,4,4,182,113,144026,7,2,2022-07-29,100
5107,72,4,148,114,94039,4,2,2022-08-19,100
5108,75,2,49,115,146826,1,3,2022-06-06,100
5109,15,1,22,116,47002,2,3,2022-03-26,100
5110,48,4,131,117,100966,7,2,2022-03-28,100
5111,13,4,155,118,133694,8,3,2022-05-25,100
5112,13,2,63,119,14003,2,4,2023-01-25,100
5113,7,3,81,120,135418,1,5,2023-01-09,100
5114,11,1,21,121,10239,8,3,2022-12-06,100
5115,60,2,57,122,110856,6,5,2023-02-03,100
5116,54,2,53,123,55282,4,2,2022-08-18,100
5117,60,4,153,124,42163,1,2,2022-11-29,100
5118,45,4,179,125,102046,3,5,2023-01-18,100
5119,79,1,37,126,14346,2,3,2022-12-14,100
5120,16,3,96,127,52302,5,3,2022-08-10,100
5121,1,4,127,128,60619,1,5,2022-12-18,100
5122,21,4,125,129,85766,4,1,2022-08-06,100
5123,48,4,160,130,37746,7,1,2022-08-21,100
5124,43,4,118,131,3278,7,1,2023-02-19,100
5125,32,4,153,132,93996,4,1,2022-07-11,100
5126,2,3,89,133,146533,8,1,2022-06-23,100
5127,17,4,172,134,528,7,4,2022-08-21,100
5128,50,2,39,135,113926,3,1,2022-03-17,100
5129,29,4,142,136,49744,5,2,2022-12-12,100
5130,27,4,146,137,100407,6,3,2022-12-22,100
5131,45,1,37,138,40486,1,5,2022-10-15,100
5132,53,4,180,139,48410,2,4,2022-08-12,100
5133,52,3,97,140,47733,5,4,2022-10-23,100
5134,55,4,183,141,135353,5,1,2022-03-02,100
5135,17,2,69,142,120330,6,2,2022-07-20,100
5136,28,2,63,143,48831,7,2,2022-09-16,100
5137,3,2,40,144,118145,5,2,2022-09-17,100
5138,48,4,152,145,33874,3,4,2022-05-04,100
5139,40,1,3,146,72619,7,5,2022-05-11,100
5140,72,4,143,147,81715,3,5,2022-05-02,100
5141,33,4,142,148,40966,6,3,2022-08-27,100
5142,34,4,161,149,74712,4,5,2023-01-04,100
5143,5,4,137,150,13885,8,1,2022-07-05,100
5144,16,3,90,151,72261,5,4,2022-03-21,100
5145,61,4,139,152,61502,3,4,2023-01-20,100
5146,61,3,115,153,143662,2,4,2022-05-01,100
5147,1,4,161,154,24641,3,5,2022-11-13,100
5148,39,3,85,155,97103,7,2,2022-10-27,100
5149,7,4,174,156,43540,3,5,2022-07-10,100
5150,23,4,151,157,77429,3,3,2022-08-25,100
5151,55,4,122,158,24569,8,3,2022-07-24,100
5152,78,1,12,159,28239,7,5,2022-11-05,100
5153,9,2,51,160,129352,8,3,2022-10-08,100
5154,40,4,147,161,117383,3,5,2022-05-10,100
5155,64,4,135,162,91909,2,3,2023-01-21,100
5156,34,4,178,163,129172,1,5,2022-07-28,100
5157,25,1,26,164,34954,2,2,2022-07-06,100
5158,54,3,113,165,87432,3,3,2023-02-25,100
5159,43,4,159,166,145828,5,4,2022-10-26,100
5160,45,4,136,167,144245,1,1,2022-05-05,100
5161,75,4,136,168,92842,5,3,2022-12-11,100
5162,59,4,144,169,105577,7,3,2023-01-05,100
5163,17,1,17,170,68990,1,1,2023-01-05,100
5164,20,1,24,171,41174,5,5,2022-08-04,100
5165,3,4,122,172,82222,1,5,2022-05-29,100
5166,2,2,63,173,67268,3,5,2022-11-27,100
5167,61,3,96,174,36193,5,1,2022-10-17,100
5168,17,3,100,175,55346,8,5,2022-09-19,100
5169,57,1,19,176,94074,1,5,2022-08-19,100
5170,37,4,139,177,120121,8,2,2023-02-08,100
5171,65,2,54,178,77345,2,2,2022-09-27,100
5172,79,3,91,179,12195,4,4,2023-01-12,100
5173,70,4,128,180,40450,5,5,2022-11-09,100
5174,7,4,139,181,16396,1,5,2023-02-03,100
5175,49,4,172,182,11983,3,2,2022-04-05,100
5176,57,4,174,183,18151,3,4,2022-03-05,100
5177,64,2,43,184,39731,4,3,2022-03-07,100
5178,2,4,125,185,18589,4,5,2022-07-07,100
5179,76,4,170,186,87662,4,3,2023-02-14,100
5180,8,3,95,187,94721,2,4,2022-10-03,100
5181,24,2,53,188,124165,6,4,2022-10-11,100
5182,20,4,159,189,11847,5,4,2022-03-31,100
5183,68,4,132,190,72867,7,4,2023-02-22,100
5184,69,4,163,191,103437,4,3,2022-04-02,100
5185,47,2,76,192,43810,6,5,2023-01-25,100
5186,20,3,116,193,144553,7,3,2023-01-11,100
5187,14,2,43,194,94583,2,3,2022-06-07,100
5188,28,4,149,195,47703,2,2,2022-06-06,100
5189,73,4,124,196,132785,3,1,2022-03-16,100
5190,8,3,80,197,101484,3,5,2022-11-04,100
5191,42,4,124,198,50259,5,2,2022-12-27,100
5192,53,3,82,199,110975,1,5,2022-08-14,100
5193,48,1,4,200,23064,3,5,2023-01-16,100
5194,14,4,155,201,129267,1,5,2022-09-11,100
5195,22,4,168,202,15464,2,1,2022-04-15,100
5196,27,1,28,203,97789,2,1,2022-10-15,100
5197,64,1,8,204,99365,8,5,2023-02-02,100
5198,15,4,131,205,88235,6,3,2022-03-14,100
5199,13,2,64,206,65268,5,3,2022-07-03,100
5200,5,4,147,207,5349,5,3,2022-12-29,100
5201,32,4,165,208,62396,6,3,2022-07-02,100
5202,40,3,91,209,93938,1,1,2023-01-04,100
5203,79,2,52,210,130863,7,4,2022-10-16,100
5204,50,3,89,211,134375,8,3,2022-07-08,100
5205,7,4,132,212,85846,1,2,2023-01-11,100
5206,54,4,175,213,107199,8,3,2023-01-25,100
5207,45,4,138,214,62579,4,4,2022-04-28,100
5208,65,3,88,215,126369,8,1,2022-09-24,100
5209,30,1,11,216,47197,7,1,2022-09-16,100
5210,57,3,97,217,122622,6,5,2022-09-12,100
5211,10,2,78,218,56443,2,1,2022-10-17,100
5212,36,1,4,219,26923,2,2,2022-09-08,100
5213,28,1,16,220,118318,2,2,2022-12-10,100
5214,2,3,110,221,117146,4,3,2022-12-04,100
5215,75,2,72,222,92758,1,1,2023-01-09,100
5216,25,1,21,223,87410,7,3,2022-05-31,100
5217,56,1,7,224,79538,3,4,2022-07-10,100
5218,75,1,24,225,101144,2,2,2022-04-06,100
5219,48,4,151,226,79641,2,2,2022-08-03,100
5220,65,2,65,227,101505,6,4,2023-01-28,100
5221,63,4,125,228,31006,2,3,2023-01-20,100
5222,73,3,85,229,79695,8,5,2022-04-14,100
5223,14,4,176,230,149664,6,2,2022-05-04,100
5224,8,3,102,231,113311,5,4,2022-11-03,100
5225,4,2,66,232,31770,4,3,2022-08-08,100
5226,8,1,1,233,131427,5,3,2022-05-11,100
5227,43,4,138,234,9733,5,4,2022-08-10,100
5228,22,2,41,235,4633,8,2,2022-03-24,100
5229,50,4,140,236,40196,3,5,2022-07-23,100
5230,75,3,90,237,61155,6,1,2022-04-21,100
5231,44,2,41,238,74840,4,2,2022-07-30,100
5232,22,3,104,239,88651,3,1,2022-11-23,100
5233,42,1,25,240,141000,1,4,2022-10-02,100
5234,12,2,59,241,3354,5,4,2022-06-05,100
5235,9,1,21,242,49785,2,3,2022-08-15,100
5236,2,4,168,243,25055,2,5,2022-06-14,100
5237,66,4,152,244,41840,3,4,2022-11-09,100
5238,21,2,58,245,128657,1,3,2023-01-02,100
5239,5,2,76,246,142870,2,4,2022-03-21,100
5240,42,4,159,247,55504,1,5,2022-08-31,100
5241,48,4,119,248,133590,2,2,2022-04-19,100
5242,50,3,81,249,28851,1,3,2023-01-25,100
5243,39,1,22,250,77196,5,3,2022-12-28,100
5244,46,4,141,251,83878,1,3,2023-02-09,100
5245,2,2,58,252,109791,4,3,2022-07-15,100
5246,9,2,73,253,106388,1,4,2022-07-15,100
5247,71,1,26,254,96004,7,5,2022-09-16,100
5248,33,4,183,255,134710,6,4,2023-01-24,100
5249,62,4,160,256,56672,8,5,2023-01-21,100
5250,1,3,89,257,113206,2,1,2022-03-10,100
5251,42,4,165,258,40058,6,2,2022-09-22,100
5252,19,3,92,259,62550,5,3,2022-08-30,100
5253,79,3,96,260,117536,3,5,2022-09-06,100
5254,53,4,161,261,148675,8,3,2022-08-16,100
5255,75,2,73,262,147801,5,4,2022-11-08,100
5256,20,2,71,263,98308,7,3,2022-07-19,100
5257,39,4,123,264,65644,8,3,2022-10-01,100
5258,68,3,117,265,37498,7,5,2022-04-03,100
5259,74,1,28,266,76086,6,2,2023-01-18,100
5260,23,3,89,267,54101,2,4,2022-12-14,100
5261,55,4,118,268,86069,5,3,2022-03-18,100
5262,5,1,28,269,143270,6,2,2022-06-11,100
5263,11,2,40,270,46833,7,1,2022-09-16,100
5264,27,4,178,271,133698,8,5,2022-08-05,100
5265,33,2,72,272,78252,6,3,2023-01-29,100
5266,64,3,81,273,110802,5,3,2022-11-27,100
5267,35,4,147,274,140235,8,2,2022-12-03,100
5268,57,4,128,275,403,3,1,2022-06-30,100
5269,30,3,110,276,108969,6,2,2022-05-25,100
5270,20,2,74,277,136505,3,4,2022-08-07,100
5271,20,2,72,278,55822,6,1,2022-07-30,100
5272,16,4,138,279,53022,6,1,2022-10-21,100
5273,6,4,139,280,96920,2,2,2023-01-28,100
5274,9,3,90,281,78041,4,5,2023-02-23,100
5275,62,4,127,282,59819,8,2,2022-12-18,100
5276,33,1,5,283,55021,5,1,2022-11-01,100
5277,34,2,59,284,101446,4,5,2022-03-18,100
5278,2,1,34,285,82616,7,5,2022-07-10,100
5279,37,1,19,286,13802,4,4,2022-06-09,100
5280,23,4,169,287,62057,5,4,2022-03-01,100
5281,62,3,91,288,80008,2,1,2022-12-12,100
5282,34,1,9,289,83804,8,1,2022-05-03,100
5283,56,4,123,290,104843,1,1,2022-10-13,100
5284,75,4,165,291,60596,6,3,2022-11-02,100
5285,77,2,78,292,88882,5,2,2022-09-08,100
5286,48,4,133,293,109847,3,4,2023-01-17,100
5287,17,2,65,294,106135,6,4,2022-08-22,100
5288,13,4,167,295,4761,6,3,2023-01-05,100
5289,32,2,67,296,28653,2,4,2023-02-05,100
5290,41,4,153,297,120396,1,1,2022-09-08,100
5291,70,1,25,298,44252,4,5,2022-12-09,100
5292,36,1,1,299,46180,2,4,2022-08-08,100
5293,12,2,75,300,117803,6,4,2022-10-19,100
5294,21,4,174,301,11535,4,1,2022-06-06,100
5295,15,1,30,302,3989,6,5,2022-12-02,100
5296,22,4,138,303,111092,3,5,2022-03-15,100
5297,23,4,131,304,65945,7,5,2022-11-22,100
5298,52,1,26,305,63571,1,3,2022-06-04,100
5299,42,3,83,306,143778,4,3,2022-03-28,100
5300,21,4,118,307,10658,3,4,2023-01-06,100
5301,75,4,123,308,31029,6,3,2022-12-23,100
5302,30,4,118,309,147659,3,2,2022-12-07,100
5303,78,4,175,310,92490,5,3,2022-03-21,100
5304,24,4,127,311,27305,7,4,2022-04-23,100
5305,9,3,96,312,10714,2,2,2022-05-13,100
5306,7,2,75,313,142741,7,3,2022-08-17,100
5307,44,2,56,314,31750,1,4,2022-12-04,100
5308,28,3,90,315,37138,1,1,2022-04-02,100
5309,7,4,163,316,145903,7,2,2023-02-27,100
5310,53,2,46,317,51821,3,5,2022-03-17,100
5311,52,3,87,318,121212,8,3,2023-01-30,100
5312,17,4,156,319,101758,5,1,2022-11-21,100
5313,6,2,76,320,94953,3,5,2022-04-12,100
5314,66,3,98,321,39286,7,5,2022-05-27,100
5315,55,4,124,322,988,8,4,2022-11-24,100
5316,41,3,85,323,9927,8,4,2022-05-13,100
5317,5,1,7,324,63330,5,3,2022-09-07,100
5318,52,1,3,325,7523,5,2,2023-01-15,100
5319,22,2,72,326,97006,8,2,2022-03-27,100
5320,68,4,164,327,140637,7,1,2022-06-08,100
5321,73,1,6,328,27932,2,2,2022-10-31,100
5322,62,4,170,329,115333,8,3,2022-05-04,100
5323,1,3,90,330,18312,7,5,2022-05-20,100
5324,14,1,36,331,64290,8,2,2022-11-28,100
5325,20,4,164,332,42223,3,5,2022-06-17,100
5326,46,2,79,333,84308,8,1,2022-06-18,100
5327,34,2,75,334,115540,4,1,2023-02-03,100
5328,48,4,128,335,45085,6,5,2022-08-08,100
5329,66,4,177,336,58916,8,1,2022-10-17,100
5330,52,4,159,337,24664,5,2,2022-06-04,100
5331,18,1,22,338,71537,6,2,2022-08-01,100
5332,3,3,97,339,108336,4,2,2022-04-14,100
5333,36,1,25,340,5970,3,5,2022-07-03,100
5334,12,4,166,341,75187,7,1,2022-07-03,100
5335,79,4,128,342,45466,4,3,2022-10-30,100
5336,44,4,150,343,80719,4,3,2022-05-15,100
5337,29,2,57,344,31865,3,1,2022-09-01,100
5338,7,3,87,345,137569,1,3,2022-10-04,100
5339,6,2,46,346,105465,7,1,2022-03-10,100
5340,51,2,69,347,100014,5,3,2022-09-13,100
5341,61,2,43,348,62620,1,3,2022-06-14,100
5342,53,2,39,349,125761,5,2,2022-07-22,100
5343,18,4,161,350,140955,3,1,2022-03-21,100
5344,20,2,46,351,44302,8,2,2022-11-26,100
5345,30,2,72,352,93139,1,2,2022-11-07,100
5346,58,4,177,353,93740,6,1,2022-09-03,100
5347,8,3,107,354,37460,3,4,2022-05-02,100
5348,6,4,156,355,84685,6,3,2022-09-21,100
5349,18,3,104,356,41394,6,1,2023-01-07,100
5350,11,4,124,357,21147,7,2,2022-07-05,100
5351,24,4,148,358,26730,5,5,2022-07-02,100
5352,39,1,20,359,58055,5,2,2022-09-02,100
5353,9,1,22,360,144989,5,4,2022-07-10,100
5354,13,1,11,361,147886,2,3,2022-08-08,100
5355,21,4,130,362,25136,6,1,2022-10-13,100
5356,51,4,150,363,139311,6,3,2022-08-30,100
5357,57,2,67,364,140235,4,4,2022-09-06,100
5358,40,3,111,365,89796,3,4,2022-03-27,100
5359,55,3,100,366,10922,6,5,2022-04-19,100
5360,33,2,47,367,79692,8,5,2022-06-09,100
5361,53,2,73,368,114707,4,5,2022-12-06,100
5362,55,2,61,369,44809,1,5,2023-02-19,100
5363,64,2,43,370,38153,7,4,2023-02-14,100
5364,1,1,32,371,66763,2,5,2022-07-11,100
5365,77,2,54,372,75961,3,2,2022-08-29,100
5366,49,4,143,373,65263,7,1,2022-08-14,100
5367,22,1,6,374,133693,1,4,2022-10-01,100
5368,11,1,22,375,70834,6,5,2022-05-26,100
5369,45,1,24,376,75646,3,3,2023-01-08,100
5370,30,4,173,377,31576,6,3,2022-05-29,100
5371,30,2,76,378,137607,6,3,2022-05-27,100
5372,6,2,57,379,88479,3,1,2022-03-10,100
5373,64,2,60,380,118888,8,2,2022-08-08,100
5374,58,1,18,381,10173,3,5,2022-04-12,100
5375,51,3,101,382,104200,7,1,2023-02-25,100
5376,38,4,149,383,149979,8,4,2022-08-18,100
5377,37,4,152,384,122445,2,4,2022-03-17,100
5378,30,4,128,385,79896,1,3,2022-11-09,100
5379,27,4,183,386,58099,4,1,2022-09-15,100
5380,46,1,15,387,20931,6,3,2022-10-26,100
5381,28,1,15,388,31411,3,5,2022-05-07,100
5382,70,4,151,389,35255,2,4,2022-10-21,100
5383,27,4,158,390,125309,5,1,2022-07-16,100
5384,22,2,70,391,70299,6,4,2022-11-29,100
5385,64,1,14,392,131430,8,2,2022-09-25,100
5386,10,2,74,393,10034,3,4,2022-04-13,100
5387,4,2,72,394,22537,4,1,2022-08-26,100
5388,75,1,18,395,34535,8,5,2023-02-14,100
5389,15,2,59,396,43614,1,1,2022-03-04,100
5390,15,2,42,397,128480,8,3,2023-01-11,100
5391,75,4,138,398,34992,8,4,2022-04-08,100
5392,78,4,127,399,61659,8,3,2022-03-12,100
5393,10,3,88,400,107425,5,4,2022-05-12,100
5394,35,4,172,401,101878,6,5,2023-01-30,100
5395,44,4,134,402,25839,2,4,2022-06-07,100
5396,76,4,129,403,90819,1,5,2023-02-03,100
5397,56,1,34,404,19482,4,4,2022-11-15,100
5398,5,4,126,405,141006,3,5,2022-03-03,100
5399,77,3,89,406,62461,6,2,2022-05-31,100
5400,26,1,12,407,66639,8,3,2023-02-22,100
5401,55,2,65,408,10293,7,5,2022-10-14,100
5402,1,2,48,409,121250,4,1,2023-02-05,100
5403,60,2,70,410,64443,7,1,2022-12-02,100
5404,53,4,171,411,75908,3,4,2022-08-22,100
5405,50,4,131,412,10867,8,3,2022-11-22,100
5406,12,2,41,413,140540,7,2,2022-07-16,100
5407,51,1,18,414,145951,1,2,2022-11-26,100
5408,6,4,154,415,49801,6,3,2022-12-21,100
5409,53,4,123,416,110788,7,2,2023-02-17,100
5410,70,4,174,417,82849,3,1,2022-06-03,100
5411,3,3,92,418,69335,2,1,2022-04-22,100
5412,70,2,77,419,22697,5,2,2022-09-05,100
5413,33,1,33,420,90798,2,5,2022-09-24,100
5414,16,4,150,421,27245,3,5,2022-07-15,100
5415,37,2,78,422,30529,5,3,2022-03-26,100
5416,19,2,72,423,105662,1,4,2022-09-20,100
5417,3,2,66,424,37643,4,1,2023-02-19,100
5418,44,4,153,425,48113,6,4,2022-08-24,100
5419,20,2,70,426,147900,2,4,2022-11-04,100
5420,30,4,153,427,62707,8,1,2022-10-30,100
5421,69,2,42,428,120247,2,4,2022-06-12,100
5422,9,2,56,429,133746,6,3,2023-01-14,100
5423,25,2,55,430,8277,4,4,2022-08-01,100
5424,68,1,15,431,65809,7,1,2022-07-19,100
5425,55,3,112,432,64733,1,5,2022-11-21,100
5426,72,1,18,433,25972,7,4,2022-10-17,100
5427,22,2,69,434,40747,2,5,2022-09-02,100
5428,6,2,66,435,134204,1,4,2022-10-29,100
5429,52,2,72,436,117289,2,3,2022-11-06,100
5430,44,1,14,437,36228,7,1,2022-06-14,100
5431,40,4,120,438,126295,4,5,2022-08-19,100
5432,4,4,120,439,103002,5,5,2023-02-06,100
5433,68,3,94,440,16325,7,4,2023-02-24,100
5434,66,4,178,441,70725,3,4,2022-11-26,100
5435,77,3,101,442,70612,8,5,2022-07-14,100
5436,9,1,25,443,33603,3,4,2022-06-05,100
5437,9,3,111,444,46350,1,3,2022-09-25,100
5438,49,4,128,445,76283,6,1,2022-05-18,100
5439,22,2,44,446,148491,8,4,2022-08-05,100
5440,47,3,106,447,95160,3,1,2022-07-20,100
5441,13,1,28,448,47494,3,1,2022-06-28,100
5442,77,4,151,449,48918,6,2,2022-05-11,100
5443,4,3,106,450,21810,8,2,2022-07-14,100
5444,57,4,148,451,148490,1,4,2022-09-23,100
5445,27,4,161,452,67670,2,1,2022-09-15,100
5446,6,2,66,453,92382,4,3,2022-05-12,100
5447,63,3,110,454,97603,5,4,2022-08-13,100
5448,61,2,61,455,101242,5,5,2022-09-21,100
5449,23,4,120,456,27487,4,4,2023-02-22,100
5450,22,2,62,457,69447,4,2,2022-04-08,100
5451,50,4,140,458,37277,1,1,2023-02-19,100
5452,30,3,98,459,99805,1,5,2022-04-29,100
5453,39,3,84,460,135030,6,3,2022-04-14,100
5454,47,3,101,461,138828,3,3,2022-04-12,100
5455,42,4,146,462,15150,3,4,2022-07-27,100
5456,6,2,73,463,87807,2,1,2023-01-04,100
5457,45,1,34,464,60782,7,3,2022-07-04,100
5458,13,2,43,465,143209,6,3,2022-04-01,100
5459,33,1,16,466,22008,3,3,2022-06-07,100
5460,25,2,71,467,126285,3,1,2022-06-22,100
5461,50,3,104,468,74670,5,2,2022-04-06,100
5462,65,4,168,469,61106,8,3,2023-01-20,100
5463,79,4,170,470,118237,5,5,2022-12-28,100
5464,26,4,150,471,114755,3,1,2022-09-20,100
5465,32,1,19,472,40838,7,5,2022-05-21,100
5466,53,4,125,473,98570,2,2,2022-04-05,100
5467,65,4,143,474,132200,7,4,2022-11-21,100
5468,42,2,54,475,80664,6,3,2022-03-20,100
5469,27,2,65,476,118904,8,1,2023-01-29,100
5470,23,3,93,477,135593,3,1,2022-05-24,100
5471,62,1,19,478,92276,8,1,2022-08-29,100
5472,7,1,5,479,36068,3,4,2022-11-27,100
5473,56,1,23,480,143795,2,4,2022-07-10,100
5474,35,1,17,481,137510,5,3,2023-01-14,100
5475,18,2,44,482,119977,7,1,2022-12-07,100
5476,60,3,110,483,7823,1,5,2023-01-19,100
5477,46,2,55,484,70206,4,5,2022-04-06,100
5478,57,4,134,485,105440,1,5,2022-12-13,100
5479,24,4,151,486,63904,1,5,2022-06-11,100
5480,56,3,114,487,100577,1,4,2023-01-05,100
5481,17,4,155,488,147497,8,3,2022-04-19,100
5482,15,4,156,489,13816,4,3,2022-10-24,100
5483,5,3,83,490,113943,7,1,2023-01-18,100
5484,22,4,127,491,64541,2,3,2022-09-17,100
5485,62,4,138,492,1668,6,4,2022-06-10,100
5486,19,2,59,493,33633,7,1,2022-12-02,100
5487,12,2,44,494,31100,7,1,2022-05-22,100
5488,75,1,6,495,133228,1,5,2022-06-18,100
5489,62,4,124,496,210,4,3,2022-06-17,100
5490,43,2,71,497,71432,7,5,2022-12-30,100
5491,79,3,108,498,109886,3,4,2022-05-15,100
5492,16,3,82,499,143636,8,3,2022-08-05,100
5493,4,1,9,500,44549,3,3,2022-10-29,100
5494,19,3,100,501,102862,1,2,2022-04-14,100
5495,58,3,114,502,5531,1,1,2022-11-20,100
5496,58,3,110,503,121602,6,3,2022-09-29,100
5497,14,1,34,504,1600,3,2,2022-04-04,100
5498,15,1,34,505,128874,3,4,2022-08-22,100
5499,2,3,116,506,36940,6,4,2022-06-28,100
5500,50,2,44,507,101559,8,4,2022-08-10,100
5501,1,2,57,508,76052,6,2,2022-10-10,100
5502,50,2,74,509,76988,2,1,2022-03-06,100
5503,41,4,178,510,43518,5,5,2022-06-07,100
5504,9,1,38,511,108766,3,3,2022-06-28,100
5505,69,4,126,512,147675,1,3,2022-05-28,100
5506,2,3,93,513,81542,3,1,2022-12-09,100
5507,35,4,149,514,138871,5,2,2022-04-04,100
5508,9,4,153,515,85672,4,2,2022-07-19,100
5509,63,1,34,516,14621,5,2,2022-05-27,100
5510,71,4,182,517,23911,2,4,2023-01-02,100
5511,78,4,121,518,84214,2,3,2022-03-10,100
5512,43,1,20,519,52049,4,5,2022-08-10,100
5513,64,1,18,520,91688,4,4,2022-09-01,100
5514,74,4,180,521,16500,5,4,2022-10-28,100
5515,70,3,104,522,113811,6,2,2022-04-12,100
5516,23,4,163,523,109599,3,1,2022-07-30,100
5517,54,3,110,524,131160,4,5,2022-10-13,100
5518,67,3,108,525,107423,3,4,2023-02-06,100
5519,31,2,69,526,50032,8,3,2022-04-07,100
5520,67,2,53,527,141496,8,2,2022-05-14,100
5521,18,4,182,528,69590,8,4,2022-07-24,100
5522,49,4,153,529,58156,6,5,2022-06-16,100
5523,51,3,113,530,114147,4,5,2022-11-02,100
5524,66,4,150,531,21962,8,4,2022-04-29,100
5525,8,2,69,532,139267,6,5,2023-02-04,100
5526,13,3,104,533,11317,8,5,2022-03-19,100
5527,58,2,51,534,37391,5,4,2022-05-25,100
5528,24,3,114,535,29298,7,2,2022-03-01,100
5529,75,2,64,536,113180,4,3,2023-01-28,100
5530,32,4,170,537,109546,3,5,2023-01-11,100
5531,49,4,123,538,39213,2,5,2022-11-10,100
5532,48,3,110,539,10655,7,5,2022-05-16,100
5533,30,3,115,540,98687,3,4,2022-03-24,100
5534,33,1,23,541,28869,1,4,2022-05-17,100
5535,39,4,179,542,125154,1,3,2023-01-21,100
5536,31,1,13,543,134960,5,1,2022-03-15,100
5537,16,4,118,544,125484,2,5,2022-12-08,100
5538,79,2,55,545,59579,2,4,2023-02-07,100
5539,65,3,105,546,111215,5,4,2022-06-15,100
5540,32,4,151,547,2403,7,2,2022-08-07,100
5541,54,1,26,548,84901,3,3,2022-07-27,100
5542,44,1,21,549,53588,5,2,2023-02-04,100
5543,13,1,30,550,111252,3,1,2022-04-24,100
5544,66,3,96,551,110898,8,4,2022-10-09,100
5545,40,2,65,552,18190,1,4,2022-12-03,100
5546,77,2,71,553,54246,3,2,2022-12-10,100
5547,28,4,157,554,36789,1,2,2023-02-12,100
5548,79,1,16,555,43606,5,3,2022-11-03,100
5549,21,3,114,556,129401,2,5,2023-01-23,100
5550,75,3,84,557,130631,8,2,2022-07-24,100
5551,43,4,150,558,61527,2,1,2022-07-19,100
5552,1,1,10,559,43689,3,1,2022-03-02,100
5553,56,2,50,560,34357,4,5,2022-04-11,100
5554,8,2,61,561,77471,4,5,2022-06-20,100
5555,14,3,115,562,70451,3,3,2022-08-27,100
5556,54,2,57,563,33454,3,1,2022-08-26,100
5557,76,3,86,564,103054,7,2,2022-06-22,100
5558,71,3,97,565,21456,1,2,2023-02-09,100
5559,70,2,50,566,121792,5,5,2022-04-19,100
5560,34,4,140,567,66352,5,2,2022-05-30,100
5561,35,4,137,568,10119,8,1,2022-11-15,100
5562,6,1,12,569,117136,8,4,2022-12-20,100
5563,79,4,165,570,64024,7,1,2022-04-22,100
5564,40,3,115,571,114810,7,2,2023-01-06,100
5565,1,2,70,572,87090,3,1,2023-01-16,100
5566,72,4,128,573,69780,5,4,2022-04-28,100
5567,30,1,4,574,73518,8,3,2022-07-29,100
5568,56,3,83,575,37902,1,5,2022-10-13,100
5569,11,4,180,576,27043,4,5,2023-02-06,100
5570,37,4,154,577,60038,3,2,2023-01-04,100
5571,75,4,164,578,40637,1,1,2022-07-01,100
5572,47,3,93,579,146639,4,4,2022-03-24,100
5573,7,1,2,580,50983,6,3,2022-09-19,100
5574,5,4,165,581,18627,8,4,2022-09-22,100
5575,19,1,19,582,38085,4,1,2022-09-02,100
5576,45,3,91,583,27484,2,1,2022-05-16,100
5577,13,1,34,584,42825,1,3,2023-01-26,100
5578,53,4,123,585,35289,3,5,2022-11-10,100
5579,20,3,97,586,114081,7,4,2022-05-29,100
5580,30,1,14,587,102181,2,2,2022-07-29,100
5581,47,2,62,588,76857,4,5,2022-06-15,100
5582,77,1,14,589,34957,7,1,2022-08-17,100
5583,42,4,178,590,369,6,2,2022-08-27,100
5584,45,4,136,591,87046,1,5,2022-11-07,100
5585,1,4,152,592,31164,6,4,2022-12-19,100
5586,14,2,45,593,68796,6,3,2022-05-25,100
5587,11,4,127,594,71806,7,5,2023-01-03,100
5588,53,4,156,595,10331,3,2,2022-09-12,100
5589,72,2,52,596,2334,1,4,2023-01-30,100
5590,62,4,172,597,123242,4,4,2022-12-25,100
5591,73,2,59,598,46890,2,2,2022-12-04,100
5592,51,4,167,599,124057,8,5,2022-03-02,100
5593,39,1,29,600,110229,5,1,2022-03-13,100
5594,56,1,11,601,139245,4,1,2023-01-21,100
5595,60,2,68,602,112663,4,5,2022-06-14,100
5596,21,2,46,603,129203,3,2,2022-08-11,100
5597,69,1,28,604,80975,2,1,2022-11-05,100
5598,13,3,115,605,108003,5,3,2022-07-30,100
5599,21,4,137,606,146587,8,2,2022-12-01,100
5600,3,3,116,607,116657,6,3,2022-04-21,100
5601,67,3,81,608,61809,7,3,2022-11-30,100
5602,69,1,6,609,48729,4,2,2022-10-10,100
5603,5,1,34,610,62855,5,2,2022-10-30,100
5604,65,4,168,611,55187,4,2,2022-03-09,100
5605,28,4,120,612,104269,8,1,2022-08-12,100
5606,11,4,163,613,146102,2,3,2022-07-06,100
5607,35,2,77,614,18551,1,2,2023-01-12,100
5608,47,2,70,615,92550,3,5,2022-04-21,100
5609,43,3,102,616,20022,7,2,2022-08-17,100
5610,45,4,127,617,149914,4,2,2022-05-31,100
5611,27,3,97,618,28433,5,2,2022-09-23,100
5612,14,4,163,619,140290,2,4,2022-07-23,100
5613,14,2,77,620,82686,4,2,2022-06-07,100
5614,38,4,141,621,19091,7,4,2022-03-09,100
5615,28,4,166,622,5280,8,5,2022-07-20,100
5616,64,4,147,623,139921,6,5,2022-03-23,100
5617,9,3,83,624,144550,6,5,2022-09-22,100
5618,74,3,103,625,10776,4,5,2023-02-19,100
5619,42,1,1,626,60203,4,4,2022-10-15,100
5620,72,4,151,627,94282,7,4,2022-05-11,100
5621,52,4,159,628,139803,8,4,2022-03-06,100
5622,50,4,134,629,137413,8,2,2022-08-01,100
5623,30,4,137,630,60269,8,1,2022-03-19,100
5624,12,4,124,631,138137,2,5,2022-11-22,100
5625,21,3,99,632,14087,6,4,2022-04-10,100
5626,37,3,86,633,143715,2,3,2022-03-09,100
5627,39,3,102,634,37702,2,3,2022-10-14,100
5628,7,1,26,635,73265,2,1,2022-07-19,100
5629,66,2,48,636,107010,4,4,2022-07-16,100
5630,76,3,92,637,16311,6,4,2023-02-03,100
5631,62,1,35,638,51396,4,3,2022-07-12,100
5632,40,2,49,639,27159,7,5,2022-08-24,100
5633,22,2,67,640,22291,3,3,2022-07-01,100
5634,36,4,163,641,52260,3,5,2022-09-22,100
5635,26,4,176,642,143925,8,4,2023-01-08,100
5636,17,2,40,643,46110,2,5,2022-07-20,100
5637,52,3,116,644,21219,3,1,2022-11-26,100
5638,20,3,111,645,57236,2,4,2022-08-23,100
5639,63,4,144,646,129406,8,4,2022-09-14,100
5640,57,3,100,647,67421,3,3,2022-12-06,100
5641,48,2,52,648,126266,2,1,2023-02-27,100
5642,79,4,134,649,95211,8,3,2022-07-14,100
5643,7,4,180,650,24925,1,1,2022-12-24,100
5644,6,1,7,651,143898,1,4,2022-10-01,100
5645,32,3,100,652,66678,8,4,2022-05-12,100
5646,53,1,5,653,6524,7,1,2022-08-29,100
5647,67,1,24,654,83072,5,3,2022-05-05,100
5648,34,3,112,655,42374,7,5,2022-09-11,100
5649,64,2,77,656,136074,1,5,2022-11-13,100
5650,53,3,93,657,38160,3,3,2022-12-24,100
5651,7,2,75,658,122716,3,4,2022-04-02,100
5652,50,1,34,659,71446,2,5,2022-08-28,100
5653,21,2,54,660,43319,2,2,2022-11-20,100
5654,10,2,48,661,79585,2,1,2023-01-15,100
5655,75,3,101,662,60216,4,1,2022-11-20,100
5656,2,3,116,663,136809,7,1,2022-05-08,100
5657,37,2,41,664,49337,1,2,2022-11-19,100
5658,52,2,62,665,49525,5,2,2022-08-13,100
5659,76,1,23,666,12862,1,3,2023-02-16,100
5660,46,3,109,667,108666,6,3,2022-12-18,100
5661,78,4,154,668,132117,2,3,2022-03-23,100
5662,42,2,46,669,122022,7,3,2023-02-27,100
5663,55,3,91,670,72036,4,3,2023-02-27,100
5664,76,1,37,671,59443,1,3,2022-05-07,100
5665,9,4,146,672,91009,6,1,2023-02-19,100
5666,48,2,42,673,67781,8,3,2022-07-25,100
5667,34,3,117,674,18756,5,1,2022-05-08,100
5668,71,4,153,675,141647,7,5,2022-05-08,100
5669,64,2,75,676,88569,7,2,2022-12-30,100
5670,53,4,133,677,38365,4,5,2022-03-30,100
5671,16,2,54,678,31894,1,4,2022-04-07,100
5672,56,3,111,679,37693,7,2,2023-02-06,100
5673,24,1,33,680,140555,1,1,2022-08-29,100
5674,42,3,115,681,47159,6,4,2022-08-06,100
5675,11,2,39,682,99804,1,3,2023-01-20,100
5676,38,1,14,683,68744,4,3,2023-01-06,100
5677,10,1,37,684,86619,1,4,2022-05-20,100
5678,8,4,178,685,34723,1,2,2022-12-07,100
5679,27,3,100,686,68239,1,5,2022-03-30,100
5680,79,2,62,687,102465,7,3,2022-06-12,100
5681,57,4,138,688,105850,3,5,2022-09-18,100
5682,71,3,88,689,84600,5,2,2022-03-24,100
5683,5,1,14,690,140305,3,1,2022-04-06,100
5684,18,4,123,691,78491,8,3,2022-03-14,100
5685,8,4,170,692,56473,2,2,2023-01-05,100
5686,62,4,127,693,112421,2,3,2022-09-18,100
5687,22,2,50,694,142671,3,5,2022-06-15,100
5688,3,3,99,695,82155,7,1,2022-11-09,100
5689,58,4,136,696,30086,6,1,2022-03-08,100
5690,61,1,13,697,123844,2,5,2022-10-06,100
5691,55,2,50,698,138255,3,2,2022-12-16,100
5692,47,4,131,699,121314,4,3,2022-05-13,100
5693,2,1,38,700,110221,6,2,2022-04-29,100
5694,17,2,70,701,29668,7,1,2022-12-23,100
5695,46,3,83,702,71436,7,1,2022-10-14,100
5696,74,4,132,703,102507,6,2,2022-12-17,100
5697,22,3,109,704,68362,5,4,2022-06-01,100
5698,79,3,96,705,148506,3,2,2023-02-17,100
5699,15,2,68,706,55772,5,2,2022-10-18,100
5700,8,2,59,707,108066,8,4,2022-07-27,100
5701,36,4,119,708,37600,2,3,2022-08-22,100
5702,64,1,34,709,98123,6,2,2022-10-08,100
5703,76,4,137,710,129601,1,1,2022-10-02,100
5704,15,2,67,711,61262,4,1,2022-11-08,100
5705,5,3,80,712,3443,4,1,2022-08-16,100
5706,24,3,93,713,78118,7,5,2022-03-29,100
5707,32,4,150,714,129596,3,3,2023-02-02,100
5708,68,2,77,715,5914,4,1,2022-11-28,100
5709,49,4,166,716,80329,2,4,2023-02-21,100
5710,33,2,70,717,62722,2,1,2023-02-01,100
5711,16,4,162,718,111578,6,5,2022-05-07,100
5712,20,4,168,719,91453,2,3,2022-10-18,100
5713,30,4,122,720,119487,3,2,2022-04-24,100
5714,29,1,16,721,90976,4,3,2022-03-18,100
5715,54,4,166,722,20064,5,3,2022-05-30,100
5716,28,1,28,723,56599,4,3,2022-06-07,100
5717,68,4,151,724,109745,1,3,2022-08-22,100
5718,24,4,146,725,147562,8,5,2023-01-22,100
5719,40,4,169,726,113991,3,1,2022-11-23,100
5720,42,1,36,727,58061,1,2,2022-08-23,100
5721,34,1,12,728,127261,8,1,2023-02-25,100
5722,8,2,66,729,58760,2,3,2023-01-27,100
5723,12,4,157,730,83302,8,4,2022-11-19,100
5724,38,2,54,731,1939,2,1,2022-11-06,100
5725,74,4,127,732,99698,3,5,2022-11-21,100
5726,68,2,73,733,117909,8,1,2022-06-20,100
5727,15,2,74,734,45636,6,2,2023-01-09,100
5728,39,4,180,735,100546,7,2,2022-04-20,100
5729,58,2,55,736,16049,8,1,2022-04-21,100
5730,17,1,28,737,106808,7,2,2022-12-01,100
5731,79,4,149,738,1786,2,4,2023-01-20,100
5732,16,4,134,739,68382,5,2,2022-12-29,100
5733,55,4,165,740,114829,6,2,2022-07-23,100
5734,60,4,167,741,103423,3,4,2022-10-17,100
5735,17,2,78,742,48092,7,2,2023-01-23,100
5736,17,2,57,743,64970,5,3,2022-12-19,100
5737,47,1,32,744,130187,7,2,2022-05-02,100
5738,72,4,174,745,35570,2,5,2022-07-27,100
5739,44,3,102,746,143936,5,2,2022-12-10,100
5740,38,1,8,747,127816,3,5,2022-04-24,100
5741,69,4,128,748,96712,3,4,2022-03-14,100
5742,21,4,121,749,115099,4,1,2022-11-08,100
5743,27,4,145,750,140094,8,3,2022-07-14,100
5744,19,2,68,751,69526,4,3,2022-04-13,100
5745,42,4,140,752,146567,7,3,2022-10-07,100
5746,10,4,173,753,44569,3,3,2022-05-23,100
5747,12,1,26,754,107732,6,3,2022-11-05,100
5748,19,3,91,755,33178,5,2,2022-11-27,100
5749,57,4,144,756,133778,2,3,2022-06-15,100
5750,40,4,136,757,13270,2,3,2022-11-11,100
5751,61,1,9,758,75805,7,1,2022-04-25,100
5752,17,4,172,759,138049,8,1,2022-10-10,100
5753,61,2,41,760,17970,6,4,2022-06-26,100
5754,40,4,138,761,89865,1,4,2022-06-19,100
5755,27,2,59,762,129258,1,2,2022-05-02,100
5756,13,2,72,763,135313,2,1,2022-11-16,100
5757,60,4,160,764,118053,7,5,2023-02-15,100
5758,3,1,2,765,115799,7,5,2022-12-21,100
5759,48,4,172,766,10210,7,5,2023-01-13,100
5760,18,3,80,767,82026,5,1,2023-02-21,100
5761,55,4,164,768,133634,2,1,2022-12-19,100
5762,31,1,28,769,27130,8,5,2022-05-25,100
5763,6,4,170,770,51371,5,5,2023-01-29,100
5764,43,2,49,771,800,3,5,2022-08-14,100
5765,31,4,145,772,92794,4,3,2022-05-16,100
5766,56,2,65,773,87680,7,4,2022-11-17,100
5767,35,1,38,774,2558,8,4,2022-04-17,100
5768,62,3,85,775,8162,8,2,2022-10-31,100
5769,30,4,121,776,53923,7,4,2022-03-22,100
5770,44,3,100,777,63902,6,4,2023-01-14,100
5771,19,4,146,778,68819,7,3,2022-12-26,100
5772,8,1,25,779,83783,3,5,2022-08-13,100
5773,1,4,158,780,89039,7,1,2022-08-11,100
5774,29,4,124,781,26394,8,4,2022-09-29,100
5775,7,1,37,782,26618,8,2,2022-05-09,100
5776,19,4,134,783,56017,6,1,2022-06-04,100
5777,20,1,24,784,81856,3,1,2022-12-03,100
5778,78,3,102,785,42158,5,4,2022-07-25,100
5779,28,4,159,786,80106,2,2,2022-03-06,100
5780,14,4,135,787,37054,4,3,2022-05-13,100
5781,66,4,172,788,88685,7,3,2022-08-04,100
5782,24,4,161,789,74526,5,1,2022-08-05,100
5783,65,3,112,790,9816,5,4,2022-12-09,100
5784,61,2,72,791,44010,2,1,2022-06-08,100
5785,26,4,155,792,80700,4,2,2022-07-14,100
5786,12,3,101,793,119324,8,1,2023-01-15,100
5787,40,1,31,794,94714,6,3,2023-02-27,100
5788,6,4,136,795,149934,2,3,2022-05-11,100
5789,15,1,7,796,137966,2,1,2022-06-10,100
5790,12,4,182,797,79769,6,1,2022-10-14,100
5791,71,4,126,798,30337,8,5,2022-05-23,100
5792,27,3,104,799,7258,8,2,2022-05-25,100
5793,78,4,156,800,16564,6,5,2022-12-25,100
5794,5,2,63,801,33499,2,1,2022-12-20,100
5795,52,2,48,802,5122,6,3,2022-05-21,100
5796,24,3,92,803,141068,4,3,2022-11-02,100
5797,4,3,96,804,61591,8,2,2023-01-26,100
5798,11,3,97,805,25301,2,2,2023-01-06,100
5799,1,1,14,806,92686,7,4,2022-03-14,100
5800,13,3,97,807,23958,8,2,2022-07-14,100
5801,30,2,52,808,40393,5,3,2023-02-19,100
5802,36,3,115,809,2893,5,3,2022-04-20,100
5803,69,4,139,810,109798,7,4,2022-07-29,100
5804,39,2,59,811,101682,5,2,2022-12-23,100
5805,3,2,58,812,142766,7,4,2022-12-06,100
5806,31,4,126,813,105201,7,5,2022-05-16,100
5807,61,4,140,814,136776,1,4,2022-07-16,100
5808,15,2,67,815,3203,6,5,2022-07-14,100
5809,29,4,141,816,147538,4,4,2022-12-09,100
5810,3,3,83,817,80985,3,5,2023-02-13,100
5811,14,2,42,818,40337,5,5,2022-05-01,100
5812,71,3,95,819,12455,4,5,2022-07-31,100
5813,4,1,19,820,76109,7,1,2022-07-30,100
5814,70,3,111,821,38738,4,1,2022-09-17,100
5815,16,3,97,822,108941,2,4,2022-03-04,100
5816,48,4,138,823,64503,3,2,2022-04-15,100
5817,52,1,24,824,125541,6,5,2022-10-27,100
5818,70,2,60,825,106074,6,1,2023-01-30,100
5819,21,4,144,826,14940,4,5,2022-07-21,100
5820,55,4,122,827,71969,8,2,2022-09-19,100
5821,72,1,26,828,139884,4,5,2023-01-19,100
5822,35,4,121,829,93631,7,2,2023-02-20,100
5823,28,3,108,830,143882,4,2,2022-05-09,100
5824,26,4,141,831,60293,3,2,2022-05-30,100
5825,3,1,12,832,11373,4,2,2022-03-04,100
5826,47,4,162,833,35663,7,3,2022-04-06,100
5827,51,1,3,834,105261,1,5,2022-12-14,100
5828,52,4,136,835,131395,8,5,2023-02-16,100
5829,48,3,81,836,129343,3,1,2022-05-10,100
5830,34,1,18,837,18997,3,4,2022-03-10,100
5831,21,3,85,838,110189,3,2,2023-02-22,100
5832,38,2,62,839,2074,6,1,2022-08-16,100
5833,32,3,91,840,44184,8,1,2022-12-25,100
5834,78,2,73,841,96264,4,2,2022-06-06,100
5835,8,4,132,842,114842,7,2,2022-06-06,100
5836,48,4,182,843,144373,3,2,2022-09-21,100
5837,38,2,50,844,50495,5,4,2022-08-15,100
5838,11,3,95,845,115447,2,1,2022-12-07,100
5839,23,3,102,846,72173,8,1,2022-03-24,100
5840,15,3,114,847,63851,3,2,2023-01-20,100
5841,55,4,151,848,106866,2,4,2022-10-20,100
5842,62,3,87,849,19976,5,4,2022-06-27,100
5843,57,3,111,850,16857,1,2,2022-11-02,100
5844,33,2,47,851,21703,6,5,2023-02-15,100
5845,76,1,3,852,36024,5,2,2023-02-22,100
5846,23,4,169,853,148863,2,2,2022-09-02,100
5847,39,2,45,854,51933,5,5,2023-02-25,100
5848,8,4,147,855,86701,4,2,2022-12-08,100
5849,75,1,19,856,66474,3,4,2022-09-21,100
5850,67,3,96,857,3098,8,3,2022-05-03,100
5851,35,2,40,858,18818,7,4,2022-08-13,100
5852,5,3,106,859,135931,3,4,2022-06-05,100
5853,20,1,6,860,126174,8,1,2022-06-05,100
5854,55,1,10,861,111083,7,5,2022-10-02,100
5855,12,4,150,862,57921,4,4,2023-02-01,100
5856,46,4,172,863,6258,8,1,2022-10-07,100
5857,18,2,74,864,66692,8,5,2022-10-08,100
5858,18,2,64,865,33316,1,3,2022-07-27,100
5859,67,4,142,866,90310,1,1,2022-08-10,100
5860,55,1,19,867,4436,1,1,2022-05-30,100
5861,8,4,131,868,119290,6,4,2023-01-03,100
5862,20,1,24,869,107022,1,3,2022-08-18,100
5863,13,2,68,870,24822,5,3,2022-03-23,100
5864,50,2,42,871,139604,3,2,2022-03-23,100
5865,18,3,106,872,122465,3,2,2022-09-15,100
5866,45,3,94,873,59977,3,3,2022-10-12,100
5867,65,4,153,874,141737,5,3,2022-12-27,100
5868,2,3,102,875,113292,8,2,2022-11-30,100
5869,66,1,6,876,143894,6,3,2023-01-03,100
5870,55,4,141,877,137983,2,4,2022-12-20,100
5871,25,4,122,878,133509,5,5,2022-03-04,100
5872,24,3,81,879,68224,5,5,2022-06-16,100
5873,3,4,167,880,75776,4,2,2022-08-11,100
5874,15,3,99,881,31475,7,4,2022-06-06,100
5875,50,2,64,882,90769,6,4,2022-05-05,100
5876,4,4,182,883,35731,8,2,2022-08-26,100
5877,41,3,80,884,122648,4,2,2022-07-29,100
5878,47,4,126,885,110835,1,5,2022-10-25,100
5879,18,4,179,886,80961,5,3,2022-03-02,100
5880,36,1,11,887,104925,6,2,2022-11-03,100
5881,41,3,112,888,67641,4,2,2022-09-30,100
5882,12,1,1,889,45245,4,4,2022-10-11,100
5883,36,1,26,890,20433,6,4,2022-08-11,100
5884,57,3,93,891,134180,6,5,2022-07-17,100
5885,58,3,114,892,116450,7,2,2022-03-18,100
5886,68,3,117,893,132571,1,1,2022-12-26,100
5887,66,2,63,894,55269,5,4,2022-04-03,100
5888,32,1,22,895,29500,7,3,2022-12-22,100
5889,67,2,79,896,51624,1,3,2022-07-09,100
5890,70,1,37,897,110276,2,5,2022-03-08,100
5891,40,1,35,898,102905,2,3,2022-09-10,100
5892,32,3,84,899,133174,4,5,2022-08-30,100
5893,66,4,158,900,114172,3,2,2022-06-28,100
5894,12,2,74,901,50132,4,1,2022-12-14,100
5895,55,1,8,902,38736,7,1,2022-05-22,100
5896,67,2,67,903,134777,7,5,2022-07-21,100
5897,37,2,62,904,47619,8,4,2022-03-25,100
5898,9,1,35,905,46605,1,5,2022-04-08,100
5899,21,3,117,906,35499,6,1,2022-09-25,100
5900,33,1,22,907,110060,4,3,2022-03-26,100
5901,27,2,66,908,9773,5,2,2022-08-14,100
5902,66,2,42,909,98714,4,2,2022-10-13,100
5903,3,3,115,910,85223,4,5,2023-01-01,100
5904,38,4,147,911,17459,8,4,2022-10-19,100
5905,6,2,58,912,66739,7,5,2023-01-13,100
5906,74,3,112,913,42025,3,5,2022-06-25,100
5907,45,3,94,914,83437,1,4,2022-10-03,100
5908,1,4,158,915,9370,3,4,2022-11-11,100
5909,33,4,135,916,2544,5,2,2022-09-26,100
5910,21,3,89,917,54074,6,5,2022-03-12,100
5911,4,2,39,918,114449,4,3,2023-01-11,100
5912,17,1,23,919,14775,6,5,2023-01-31,100
5913,50,3,95,920,66581,1,3,2022-09-10,100
5914,8,3,113,921,51096,4,1,2022-11-01,100
5915,38,1,16,922,143804,4,4,2022-06-10,100
5916,55,2,69,923,113312,1,3,2022-12-24,100
5917,71,1,3,924,88013,3,3,2022-09-01,100
5918,26,2,49,925,2193,2,2,2022-09-13,100
5919,55,1,15,926,148355,7,1,2022-08-09,100
5920,52,4,171,927,102460,3,1,2022-12-24,100
5921,45,1,34,928,121951,6,5,2022-11-02,100
5922,76,2,46,929,58565,7,1,2022-05-03,100
5923,37,3,91,930,12005,1,1,2023-02-01,100
5924,17,2,46,931,136963,1,1,2023-02-17,100
5925,63,4,136,932,105904,4,2,2022-10-31,100
5926,13,2,57,933,65018,6,2,2022-10-31,100
5927,63,4,138,934,110476,1,4,2022-12-24,100
5928,2,2,58,935,150083,3,4,2023-02-10,100
5929,22,3,93,936,139168,4,4,2022-09-26,100
5930,21,2,42,937,21490,6,4,2022-10-02,100
5931,30,2,44,938,95739,7,5,2023-01-08,100
5932,76,2,60,939,108465,3,5,2023-02-28,100
5933,62,2,64,940,73580,4,1,2023-01-07,100
5934,49,1,2,941,149457,8,2,2022-03-22,100
5935,74,2,74,942,7398,5,3,2022-10-18,100
5936,30,1,33,943,2268,4,5,2022-07-23,100
5937,39,1,28,944,39648,2,1,2022-10-09,100
5938,59,2,48,945,123296,4,5,2022-08-19,100
5939,28,2,57,946,84750,1,4,2022-06-24,100
5940,12,4,140,947,26706,8,2,2022-11-18,100
5941,11,2,59,948,41279,3,1,2022-06-27,100
5942,78,3,97,949,101161,5,2,2022-12-06,100
5943,74,3,101,950,87420,3,1,2022-05-04,100
5944,68,4,136,951,132836,2,2,2023-02-07,100
5945,22,1,5,952,22340,4,1,2022-03-20,100
5946,18,4,138,953,67348,3,3,2022-10-22,100
5947,9,2,69,954,149349,8,4,2022-05-19,100
5948,79,2,62,955,111516,1,1,2022-08-18,100
5949,54,2,54,956,26503,5,1,2023-02-07,100
5950,2,4,174,957,47954,4,3,2023-01-26,100
5951,57,1,1,958,75005,8,5,2022-07-14,100
5952,53,2,39,959,126335,4,3,2023-02-11,100
5953,27,2,61,960,89685,7,5,2023-01-28,100
5954,11,1,16,961,67799,5,5,2022-06-09,100
5955,7,4,172,962,49284,5,2,2023-01-04,100
5956,34,4,147,963,58738,5,5,2022-07-10,100
5957,45,3,117,964,43646,2,3,2022-05-12,100
5958,71,4,176,965,144678,5,4,2022-03-03,100
5959,4,2,62,966,107467,5,2,2022-08-22,100
5960,11,1,24,967,9133,2,5,2022-12-14,100
5961,16,4,131,968,138564,8,1,2022-03-03,100
5962,16,2,42,969,98450,5,1,2022-03-29,100
5963,24,1,7,970,75305,2,1,2022-06-03,100
5964,24,1,38,971,39924,1,5,2023-01-21,100
5965,24,3,93,972,121945,4,5,2022-08-28,100
5966,66,4,143,973,114388,8,5,2022-03-29,100
5967,58,1,14,974,51296,8,4,2023-02-18,100
5968,30,2,61,975,60315,5,5,2022-12-16,100
5969,50,3,84,976,106436,7,4,2022-06-05,100
5970,24,3,110,977,57950,2,2,2022-03-05,100
5971,58,4,151,978,3330,4,3,2022-04-01,100
5972,77,3,84,979,144347,2,2,2022-06-09,100
5973,59,1,9,980,15624,5,4,2022-04-27,100
5974,16,2,56,981,86489,7,5,2022-11-12,100
5975,14,4,136,982,32126,3,4,2023-02-05,100
5976,51,1,35,983,140023,5,1,2022-12-13,100
5977,59,4,160,984,10141,1,2,2022-09-22,100
5978,22,1,19,985,105914,5,5,2022-09-28,100
5979,35,4,168,986,12802,3,4,2022-04-22,100
5980,10,4,175,987,35091,7,3,2022-08-21,100
5981,62,2,39,988,76056,1,2,2022-11-05,100
5982,8,1,26,989,37122,4,2,2022-12-27,100
5983,49,2,45,990,49076,1,5,2022-10-28,100
5984,47,3,110,991,76228,8,2,2022-03-07,100
5985,14,4,120,992,27695,1,3,2023-02-20,100
5986,17,2,55,993,31367,2,2,2022-10-20,100
5987,66,4,124,994,60971,1,3,2022-03-05,100
5988,25,4,126,995,135157,8,3,2023-01-15,100
5989,53,2,75,996,126618,7,5,2022-12-26,100
5990,21,4,124,997,129395,6,3,2022-07-21,100
5991,1,3,93,998,126647,1,4,2022-11-30,100
5992,43,4,156,999,102690,5,5,2022-11-17,100
5993,63,4,161,1000,91024,8,4,2022-08-11,100
