booking_id,hotel_id,room_id,guest_id,channel_id,arrival_date,departure_date,prepayment,total_price,description
1,1,23,102808,3,2022-12-01,2022-12-14,4000,8000,Hochet vid iz okna na gory
2,3,86,146153,3,2022-11-24,2022-12-04,1500,3000,
3,1,1,26197,8,2022-04-28,2022-05-03,2000,4000,"Perezvonit, esli osvoboditsya lyuks"
4,4,138,116565,4,2022-07-06,2022-07-09,8500,17000,
5,2,42,37217,2,2022-08-16,2022-08-29,1500,3000,"Perezvonit, esli osvoboditsya lyuks"
6,3,117,32362,6,2022-12-27,2022-12-28,6500,13000,
7,4,179,31701,2,2022-04-04,2022-04-11,10000,20000,
8,3,88,74213,2,2023-01-05,2023-01-17,2000,4000,
9,4,154,2896,2,2022-08-04,2022-08-06,1000,2000,
10,2,45,93650,4,2022-10-29,2022-11-07,5000,10000,"Perezvonit, esli osvoboditsya lyuks"
11,2,78,144272,7,2023-01-14,2023-01-25,1000,2000,"Perezvonit, esli osvoboditsya lyuks"
12,4,160,119645,4,2022-06-22,2022-06-23,5500,11000,
13,1,2,18138,1,2022-04-24,2022-05-05,1000,2000,
14,1,26,92720,4,2022-05-08,2022-05-22,1000,2000,
15,3,99,142469,5,2022-12-24,2022-12-26,2000,4000,Hochet vid iz okna na gory
16,4,153,56268,5,2022-03-25,2022-03-30,1500,3000,Hochet zaekhat poranshe
17,2,73,102610,7,2023-02-11,2023-02-13,1500,3000,"Perezvonit, esli osvoboditsya lyuks"
18,2,69,103150,3,2022-07-01,2022-07-06,5000,10000,
19,1,23,84254,4,2022-12-12,2022-12-18,4000,8000,
20,1,31,24385,4,2022-07-20,2022-07-28,1500,3000,Hochet zaekhat poranshe
21,2,42,94250,4,2022-03-24,2022-04-06,1500,3000,
22,4,150,122426,2,2023-01-30,2023-02-13,9500,19000,Hochet zaekhat poranshe
23,3,96,134626,1,2022-11-23,2022-12-06,4000,8000,
24,1,2,102867,2,2022-05-16,2022-05-20,1000,2000,Hochet zaekhat poranshe
25,2,77,31494,2,2022-09-10,2022-09-21,2000,4000,Hochet zaekhat poranshe
26,4,174,85387,4,2022-06-06,2022-06-09,7000,14000,
27,1,11,45048,1,2022-09-08,2022-09-09,1500,3000,Hochet vid iz okna na gory
28,3,116,111909,5,2023-02-24,2023-03-04,1500,3000,
29,4,140,112029,6,2022-03-24,2022-04-02,1500,3000,"Perezvonit, esli osvoboditsya lyuks"
30,1,26,101202,2,2022-04-26,2022-05-09,1000,2000,
31,2,46,146814,7,2022-11-04,2022-11-12,1500,3000,Hochet zaekhat poranshe
32,3,111,135212,4,2022-09-04,2022-09-09,2000,4000,
33,1,19,9540,1,2022-09-07,2022-09-08,1500,3000,
34,4,167,106312,3,2023-02-28,2023-03-05,1500,3000,"Perezvonit, esli osvoboditsya lyuks"
35,1,33,144522,6,2022-05-18,2022-05-26,1500,3000,
36,2,76,131704,3,2022-12-28,2023-01-09,4000,8000,Hochet vid iz okna na gory
37,4,172,83150,7,2022-11-06,2022-11-19,1500,3000,
38,4,166,147650,4,2022-11-14,2022-11-27,10000,20000,
39,3,114,106019,2,2022-03-14,2022-03-22,2000,4000,
40,4,172,60056,5,2023-02-18,2023-02-20,1500,3000,
41,2,67,97859,6,2023-02-02,2023-02-13,2000,4000,
42,2,63,25093,2,2022-03-24,2022-04-07,8500,17000,Hochet vid iz okna na gory
43,2,45,8675,3,2022-12-22,2023-01-02,5000,10000,Hochet vid iz okna na gory
44,2,61,113238,2,2022-11-29,2022-12-04,8500,17000,
45,2,46,44185,8,2022-07-03,2022-07-12,1500,3000,
46,4,137,15475,6,2022-07-12,2022-07-19,1000,2000,Hochet zaekhat poranshe
47,1,13,58809,8,2022-10-06,2022-10-08,7500,15000,Hochet zaekhat poranshe
48,2,60,70148,1,2022-06-15,2022-06-28,2000,4000,
49,2,75,82897,4,2022-05-13,2022-05-21,5000,10000,"Perezvonit, esli osvoboditsya lyuks"
50,1,27,51916,8,2022-10-18,2022-10-20,1500,3000,Hochet zaekhat poranshe
51,3,104,548,8,2023-01-14,2023-01-20,2000,4000,
52,1,34,108295,4,2023-01-14,2023-01-25,2000,4000,
53,1,18,53174,5,2022-04-08,2022-04-12,4500,9000,
54,3,103,142721,6,2022-03-01,2022-03-03,1500,3000,
55,2,69,45779,8,2022-09-07,2022-09-09,5000,10000,
56,4,172,75012,3,2022-06-20,2022-07-01,1500,3000,
57,4,152,59384,8,2022-10-16,2022-10-24,7000,14000,Hochet zaekhat poranshe
58,4,127,111607,2,2022-08-21,2022-08-29,2000,4000,
59,2,70,127865,3,2022-04-02,2022-04-11,2000,4000,Hochet vid iz okna na gory
60,4,125,97819,8,2022-09-04,2022-09-07,5500,11000,Hochet vid iz okna na gory
61,4,138,56903,2,2023-01-23,2023-01-31,8500,17000,
62,4,175,47228,7,2022-06-29,2022-07-08,6500,13000,Hochet zaekhat poranshe
63,3,96,38777,8,2022-03-10,2022-03-21,4000,8000,
64,4,157,72675,2,2022-10-14,2022-10-28,1500,3000,
65,1,31,33685,1,2022-05-04,2022-05-05,1500,3000,
66,4,125,52110,5,2022-03-29,2022-04-01,5500,11000,
67,4,175,72128,5,2023-02-25,2023-03-11,6500,13000,Hochet vid iz okna na gory
68,3,114,30219,8,2022-09-01,2022-09-11,2000,4000,
69,3,87,105097,7,2022-05-06,2022-05-19,1500,3000,
70,1,23,10606,1,2022-05-14,2022-05-22,4000,8000,Hochet vid iz okna na gory
71,1,36,145867,6,2022-11-12,2022-11-18,6000,12000,"Perezvonit, esli osvoboditsya lyuks"
72,2,74,7444,2,2022-09-23,2022-10-06,1500,3000,
73,4,173,107596,8,2022-03-15,2022-03-25,9000,18000,
74,3,116,15212,3,2022-12-16,2022-12-22,1500,3000,
75,3,100,23747,2,2022-03-20,2022-03-23,1500,3000,Hochet zaekhat poranshe
76,4,139,40078,2,2022-11-25,2022-12-06,1500,3000,
77,3,81,35316,7,2022-09-15,2022-09-27,4000,8000,
78,2,45,145020,1,2022-06-04,2022-06-18,5000,10000,Hochet vid iz okna na gory
79,1,10,145426,5,2022-08-04,2022-08-18,1500,3000,
80,4,153,89811,2,2023-01-03,2023-01-13,1500,3000,"Perezvonit, esli osvoboditsya lyuks"
81,1,2,115693,6,2022-07-08,2022-07-13,1000,2000,Hochet vid iz okna na gory
82,1,26,46217,1,2023-02-08,2023-02-20,1000,2000,Hochet vid iz okna na gory
83,3,91,46596,3,2023-02-04,2023-02-13,4000,8000,Hochet vid iz okna na gory
84,4,123,36191,8,2022-04-13,2022-04-23,1500,3000,"Perezvonit, esli osvoboditsya lyuks"
85,2,77,69752,3,2022-03-07,2022-03-17,2000,4000,
86,3,104,113989,3,2023-01-22,2023-01-26,2000,4000,"Perezvonit, esli osvoboditsya lyuks"
87,4,142,42582,1,2022-08-27,2022-08-29,5000,10000,
88,1,13,51501,6,2022-06-10,2022-06-20,7500,15000,"Perezvonit, esli osvoboditsya lyuks"
89,3,98,74147,7,2022-09-30,2022-10-02,1000,2000,"Perezvonit, esli osvoboditsya lyuks"
90,2,47,12837,3,2022-03-24,2022-04-07,9000,18000,
91,4,122,91665,3,2022-12-09,2022-12-22,3500,7000,
92,1,37,63976,5,2023-01-01,2023-01-10,1500,3000,
93,2,54,108677,3,2022-12-04,2022-12-14,7000,14000,
94,2,39,100933,6,2022-12-23,2022-12-28,4500,9000,"Perezvonit, esli osvoboditsya lyuks"
95,4,143,39343,6,2022-05-08,2022-05-13,1500,3000,
96,2,52,13376,6,2022-05-08,2022-05-21,2000,4000,
97,4,135,10312,5,2022-03-10,2022-03-18,1500,3000,Hochet vid iz okna na gory
98,2,41,115492,7,2023-01-05,2023-01-08,1500,3000,
99,4,138,141060,7,2022-12-01,2022-12-02,8500,17000,Hochet zaekhat poranshe
100,2,48,93513,1,2022-09-02,2022-09-11,1000,2000,
101,1,28,47580,2,2022-03-16,2022-03-18,7000,14000,Hochet vid iz okna na gory
102,4,121,46993,7,2022-11-15,2022-11-22,3500,7000,Hochet zaekhat poranshe
103,2,65,40518,5,2022-07-27,2022-08-05,1500,3000,
104,1,17,4417,5,2022-07-14,2022-07-24,1000,2000,
105,4,122,50799,6,2022-12-08,2022-12-22,3500,7000,Hochet zaekhat poranshe
106,3,89,147165,8,2022-10-04,2022-10-11,2000,4000,
107,4,127,149612,6,2022-11-15,2022-11-17,2000,4000,Hochet zaekhat poranshe
108,4,179,39922,7,2022-07-01,2022-07-07,10000,20000,
109,1,26,125897,4,2023-02-06,2023-02-15,1000,2000,
110,1,24,37002,5,2022-09-30,2022-10-01,7000,14000,
111,3,102,41227,6,2022-03-13,2022-03-16,2000,4000,
112,3,112,96077,6,2022-08-07,2022-08-21,1500,3000,Hochet vid iz okna na gory
113,4,182,144026,7,2022-08-04,2022-08-07,2000,4000,Hochet vid iz okna na gory
114,4,148,94039,4,2023-02-23,2023-03-01,1000,2000,Hochet zaekhat poranshe
115,2,49,146826,1,2022-03-22,2022-03-28,1000,2000,
116,1,22,47002,2,2022-03-07,2022-03-10,1500,3000,
117,4,131,100966,7,2022-05-22,2022-05-30,5000,10000,Hochet vid iz okna na gory
118,4,155,133694,8,2023-02-16,2023-02-28,4500,9000,
119,2,63,14003,2,2022-05-19,2022-05-31,8500,17000,
120,3,81,135418,1,2023-01-23,2023-01-25,4000,8000,
121,1,21,10239,8,2022-08-15,2022-08-20,1500,3000,
122,2,57,110856,6,2023-01-12,2023-01-15,1500,3000,Hochet zaekhat poranshe
123,2,53,55282,4,2022-07-08,2022-07-10,2000,4000,"Perezvonit, esli osvoboditsya lyuks"
124,4,153,42163,1,2022-06-24,2022-07-08,1500,3000,
125,4,179,102046,3,2022-07-08,2022-07-14,10000,20000,
126,1,37,14346,2,2023-01-10,2023-01-12,1500,3000,
127,3,96,52302,5,2022-03-23,2022-04-03,4000,8000,"Perezvonit, esli osvoboditsya lyuks"
128,4,127,60619,1,2022-06-24,2022-06-25,2000,4000,Hochet zaekhat poranshe
129,4,125,85766,4,2023-01-08,2023-01-19,5500,11000,
130,4,160,37746,7,2023-02-23,2023-03-08,5500,11000,
131,4,118,3278,7,2022-11-15,2022-11-18,4500,9000,
132,4,153,93996,4,2022-08-24,2022-09-02,1500,3000,
133,3,89,146533,8,2022-06-20,2022-06-24,2000,4000,Hochet zaekhat poranshe
134,4,172,528,7,2022-09-04,2022-09-09,1500,3000,"Perezvonit, esli osvoboditsya lyuks"
135,2,39,113926,3,2022-10-03,2022-10-12,4500,9000,
136,4,142,49744,5,2022-09-13,2022-09-27,5000,10000,
137,4,146,100407,6,2022-11-24,2022-11-26,2000,4000,Hochet zaekhat poranshe
138,1,37,40486,1,2022-03-16,2022-03-29,1500,3000,"Perezvonit, esli osvoboditsya lyuks"
139,4,180,48410,2,2022-04-26,2022-04-27,1500,3000,
140,3,97,47733,5,2022-03-24,2022-04-07,2000,4000,
141,4,183,135353,5,2023-02-06,2023-02-20,2000,4000,
142,2,69,120330,6,2023-02-14,2023-02-24,5000,10000,
143,2,63,48831,7,2022-09-20,2022-09-22,8500,17000,"Perezvonit, esli osvoboditsya lyuks"
144,2,40,118145,5,2022-12-16,2022-12-21,1500,3000,
145,4,152,33874,3,2022-11-23,2022-12-06,7000,14000,
146,1,3,72619,7,2022-05-12,2022-05-15,1500,3000,
147,4,143,81715,3,2022-05-04,2022-05-08,1500,3000,Hochet zaekhat poranshe
148,4,142,40966,6,2022-08-18,2022-08-19,5000,10000,
149,4,161,74712,4,2023-02-16,2023-02-17,2000,4000,"Perezvonit, esli osvoboditsya lyuks"
150,4,137,13885,8,2022-06-03,2022-06-09,1000,2000,Hochet zaekhat poranshe
151,3,90,72261,5,2022-09-23,2022-09-30,9500,19000,Hochet vid iz okna na gory
152,4,139,61502,3,2022-03-04,2022-03-08,1500,3000,
153,3,115,143662,2,2022-08-10,2022-08-18,1500,3000,
154,4,161,24641,3,2022-08-10,2022-08-22,2000,4000,
155,3,85,97103,7,2022-04-11,2022-04-12,2000,4000,
156,4,174,43540,3,2023-01-10,2023-01-23,7000,14000,
157,4,151,77429,3,2022-06-24,2022-06-28,8000,16000,Hochet vid iz okna na gory
158,4,122,24569,8,2022-04-28,2022-05-01,3500,7000,
159,1,12,28239,7,2022-12-26,2022-12-31,6500,13000,
160,2,51,129352,8,2022-09-14,2022-09-27,2000,4000,
161,4,147,117383,3,2022-11-14,2022-11-16,7500,15000,
162,4,135,91909,2,2022-06-27,2022-07-07,1500,3000,Hochet vid iz okna na gory
163,4,178,129172,1,2022-06-22,2022-06-23,9000,18000,Hochet zaekhat poranshe
164,1,26,34954,2,2022-09-17,2022-09-19,1000,2000,Hochet zaekhat poranshe
165,3,113,87432,3,2023-01-15,2023-01-28,1000,2000,
166,4,159,145828,5,2022-10-31,2022-11-11,1500,3000,"Perezvonit, esli osvoboditsya lyuks"
167,4,136,144245,1,2022-06-07,2022-06-18,2000,4000,
168,4,136,92842,5,2022-07-17,2022-07-18,2000,4000,
169,4,144,105577,7,2022-10-12,2022-10-19,1500,3000,Hochet vid iz okna na gory
170,1,17,68990,1,2022-11-01,2022-11-11,1000,2000,
171,1,24,41174,5,2022-09-21,2022-09-27,7000,14000,Hochet zaekhat poranshe
172,4,122,82222,1,2022-09-03,2022-09-08,3500,7000,"Perezvonit, esli osvoboditsya lyuks"
173,2,63,67268,3,2022-07-24,2022-08-04,8500,17000,Hochet zaekhat poranshe
174,3,96,36193,5,2022-12-13,2022-12-20,4000,8000,Hochet vid iz okna na gory
175,3,100,55346,8,2022-09-09,2022-09-11,1500,3000,
176,1,19,94074,1,2022-05-30,2022-06-11,1500,3000,"Perezvonit, esli osvoboditsya lyuks"
177,4,139,120121,8,2022-08-16,2022-08-18,1500,3000,
178,2,54,77345,2,2022-11-04,2022-11-14,7000,14000,Hochet zaekhat poranshe
179,3,91,12195,4,2022-09-04,2022-09-05,4000,8000,Hochet vid iz okna na gory
180,4,128,40450,5,2022-12-19,2022-12-21,1500,3000,"Perezvonit, esli osvoboditsya lyuks"
181,4,139,16396,1,2022-06-10,2022-06-20,1500,3000,
182,4,172,11983,3,2022-09-07,2022-09-20,1500,3000,
183,4,174,18151,3,2022-03-21,2022-04-04,7000,14000,Hochet vid iz okna na gory
184,2,43,39731,4,2022-03-26,2022-04-08,2000,4000,Hochet zaekhat poranshe
185,4,125,18589,4,2022-08-23,2022-08-28,5500,11000,
186,4,170,87662,4,2023-01-28,2023-01-30,4500,9000,Hochet zaekhat poranshe
187,3,95,94721,2,2022-07-15,2022-07-25,6500,13000,"Perezvonit, esli osvoboditsya lyuks"
188,2,53,124165,6,2022-11-29,2022-12-13,2000,4000,
189,4,159,11847,5,2022-10-28,2022-11-06,1500,3000,"Perezvonit, esli osvoboditsya lyuks"
190,4,132,72867,7,2022-05-11,2022-05-18,3500,7000,
191,4,163,103437,4,2023-01-23,2023-01-24,2000,4000,
192,2,76,43810,6,2022-05-10,2022-05-23,4000,8000,
193,3,116,144553,7,2022-09-09,2022-09-22,1500,3000,Hochet zaekhat poranshe
194,2,43,94583,2,2022-08-19,2022-08-30,2000,4000,
195,4,149,47703,2,2023-02-05,2023-02-08,8000,16000,"Perezvonit, esli osvoboditsya lyuks"
196,4,124,132785,3,2022-07-14,2022-07-24,6000,12000,
197,3,80,101484,3,2022-12-04,2022-12-18,1500,3000,
198,4,124,50259,5,2022-11-17,2022-11-27,6000,12000,
199,3,82,110975,1,2022-06-29,2022-07-11,8000,16000,
200,1,4,23064,3,2023-02-20,2023-02-21,1500,3000,
201,4,155,129267,1,2022-03-04,2022-03-17,4500,9000,"Perezvonit, esli osvoboditsya lyuks"
202,4,168,15464,2,2022-04-16,2022-04-25,1000,2000,Hochet zaekhat poranshe
203,1,28,97789,2,2022-04-27,2022-04-30,7000,14000,Hochet zaekhat poranshe
204,1,8,99365,8,2022-04-21,2022-04-25,2000,4000,Hochet vid iz okna na gory
205,4,131,88235,6,2022-10-07,2022-10-10,5000,10000,
206,2,64,65268,5,2022-06-15,2022-06-21,4000,8000,
207,4,147,5349,5,2022-11-26,2022-11-29,7500,15000,
208,4,165,62396,6,2022-04-03,2022-04-07,10000,20000,
209,3,91,93938,1,2022-09-18,2022-09-22,4000,8000,"Perezvonit, esli osvoboditsya lyuks"
210,2,52,130863,7,2023-01-16,2023-01-21,2000,4000,
211,3,89,134375,8,2023-02-18,2023-02-28,2000,4000,
212,4,132,85846,1,2022-10-18,2022-10-25,3500,7000,
213,4,175,107199,8,2022-09-14,2022-09-20,6500,13000,
214,4,138,62579,4,2022-04-27,2022-05-05,8500,17000,Hochet vid iz okna na gory
215,3,88,126369,8,2022-12-30,2023-01-12,2000,4000,Hochet vid iz okna na gory
216,1,11,47197,7,2022-03-02,2022-03-10,1500,3000,Hochet zaekhat poranshe
217,3,97,122622,6,2022-06-16,2022-06-21,2000,4000,
218,2,78,56443,2,2022-05-19,2022-06-01,1000,2000,Hochet vid iz okna na gory
219,1,4,26923,2,2022-08-30,2022-09-04,1500,3000,
220,1,16,118318,2,2022-07-08,2022-07-10,1500,3000,
221,3,110,117146,4,2022-03-23,2022-04-01,2000,4000,Hochet vid iz okna na gory
222,2,72,92758,1,2023-01-26,2023-02-05,1500,3000,
223,1,21,87410,7,2022-03-06,2022-03-19,1500,3000,
224,1,7,79538,3,2022-04-16,2022-04-20,1000,2000,
225,1,24,101144,2,2023-01-21,2023-01-29,7000,14000,
226,4,151,79641,2,2022-06-16,2022-06-21,8000,16000,Hochet zaekhat poranshe
227,2,65,101505,6,2022-04-10,2022-04-14,1500,3000,
228,4,125,31006,2,2022-06-06,2022-06-18,5500,11000,Hochet vid iz okna na gory
229,3,85,79695,8,2022-05-17,2022-05-24,2000,4000,
230,4,176,149664,6,2022-09-14,2022-09-18,1000,2000,
231,3,102,113311,5,2022-12-04,2022-12-14,2000,4000,Hochet zaekhat poranshe
232,2,66,31770,4,2022-06-14,2022-06-19,2000,4000,Hochet zaekhat poranshe
233,1,1,131427,5,2023-01-18,2023-01-24,2000,4000,
234,4,138,9733,5,2022-11-01,2022-11-13,8500,17000,Hochet vid iz okna na gory
235,2,41,4633,8,2023-01-04,2023-01-08,1500,3000,
236,4,140,40196,3,2022-04-23,2022-04-28,1500,3000,
237,3,90,61155,6,2023-01-19,2023-01-31,9500,19000,"Perezvonit, esli osvoboditsya lyuks"
238,2,41,74840,4,2023-01-31,2023-02-05,1500,3000,Hochet vid iz okna na gory
239,3,104,88651,3,2022-09-25,2022-09-27,2000,4000,
240,1,25,141000,1,2023-02-23,2023-03-01,1500,3000,
241,2,59,3354,5,2022-07-01,2022-07-08,5000,10000,Hochet zaekhat poranshe
242,1,21,49785,2,2023-02-10,2023-02-24,1500,3000,Hochet vid iz okna na gory
243,4,168,25055,2,2022-04-27,2022-05-11,1000,2000,"Perezvonit, esli osvoboditsya lyuks"
244,4,152,41840,3,2022-07-09,2022-07-22,7000,14000,
245,2,58,128657,1,2022-03-31,2022-04-06,1000,2000,
246,2,76,142870,2,2022-10-17,2022-10-23,4000,8000,Hochet vid iz okna na gory
247,4,159,55504,1,2022-03-23,2022-03-27,1500,3000,
248,4,119,133590,2,2022-10-18,2022-10-21,2000,4000,
249,3,81,28851,1,2022-06-03,2022-06-14,4000,8000,Hochet zaekhat poranshe
250,1,22,77196,5,2022-10-16,2022-10-22,1500,3000,Hochet zaekhat poranshe
251,4,141,83878,1,2023-02-15,2023-02-28,4000,8000,
252,2,58,109791,4,2022-06-05,2022-06-19,1000,2000,
253,2,73,106388,1,2022-09-26,2022-10-10,1500,3000,
254,1,26,96004,7,2022-04-10,2022-04-15,1000,2000,"Perezvonit, esli osvoboditsya lyuks"
255,4,183,134710,6,2022-11-12,2022-11-19,2000,4000,Hochet vid iz okna na gory
256,4,160,56672,8,2022-07-19,2022-08-01,5500,11000,"Perezvonit, esli osvoboditsya lyuks"
257,3,89,113206,2,2022-04-27,2022-04-29,2000,4000,
258,4,165,40058,6,2022-09-24,2022-09-28,10000,20000,"Perezvonit, esli osvoboditsya lyuks"
259,3,92,62550,5,2022-03-20,2022-03-26,1500,3000,Hochet vid iz okna na gory
260,3,96,117536,3,2022-06-22,2022-06-23,4000,8000,Hochet zaekhat poranshe
261,4,161,148675,8,2022-11-05,2022-11-06,2000,4000,
262,2,73,147801,5,2022-06-17,2022-06-23,1500,3000,Hochet zaekhat poranshe
263,2,71,98308,7,2022-05-22,2022-05-23,7500,15000,
264,4,123,65644,8,2023-02-05,2023-02-06,1500,3000,
265,3,117,37498,7,2022-06-07,2022-06-17,6500,13000,
266,1,28,76086,6,2022-03-22,2022-04-05,7000,14000,Hochet vid iz okna na gory
267,3,89,54101,2,2022-10-07,2022-10-13,2000,4000,
268,4,118,86069,5,2022-12-02,2022-12-03,4500,9000,Hochet zaekhat poranshe
269,1,28,143270,6,2022-12-18,2022-12-22,7000,14000,
270,2,40,46833,7,2023-01-08,2023-01-16,1500,3000,
271,4,178,133698,8,2022-08-27,2022-08-28,9000,18000,
272,2,72,78252,6,2023-02-09,2023-02-12,1500,3000,Hochet zaekhat poranshe
273,3,81,110802,5,2022-08-24,2022-09-04,4000,8000,
274,4,147,140235,8,2022-09-27,2022-10-04,7500,15000,
275,4,128,403,3,2022-06-28,2022-06-29,1500,3000,
276,3,110,108969,6,2022-07-22,2022-07-28,2000,4000,
277,2,74,136505,3,2022-04-16,2022-04-24,1500,3000,"Perezvonit, esli osvoboditsya lyuks"
278,2,72,55822,6,2023-01-26,2023-02-05,1500,3000,Hochet vid iz okna na gory
279,4,138,53022,6,2023-02-05,2023-02-12,8500,17000,
280,4,139,96920,2,2022-11-02,2022-11-15,1500,3000,Hochet zaekhat poranshe
281,3,90,78041,4,2022-07-01,2022-07-06,9500,19000,Hochet vid iz okna na gory
282,4,127,59819,8,2022-10-31,2022-11-05,2000,4000,
283,1,5,55021,5,2022-09-13,2022-09-24,1500,3000,
284,2,59,101446,4,2022-12-13,2022-12-22,5000,10000,
285,1,34,82616,7,2022-10-15,2022-10-19,2000,4000,Hochet vid iz okna na gory
286,1,19,13802,4,2022-04-15,2022-04-21,1500,3000,
287,4,169,62057,5,2022-12-14,2022-12-28,9000,18000,
288,3,91,80008,2,2022-05-31,2022-06-10,4000,8000,
289,1,9,83804,8,2022-09-05,2022-09-18,1000,2000,Hochet vid iz okna na gory
290,4,123,104843,1,2022-09-21,2022-10-02,1500,3000,"Perezvonit, esli osvoboditsya lyuks"
291,4,165,60596,6,2022-03-24,2022-04-06,10000,20000,
292,2,78,88882,5,2023-01-03,2023-01-12,1000,2000,
293,4,133,109847,3,2022-12-26,2022-12-28,2000,4000,Hochet zaekhat poranshe
294,2,65,106135,6,2022-10-13,2022-10-14,1500,3000,"Perezvonit, esli osvoboditsya lyuks"
295,4,167,4761,6,2022-09-14,2022-09-17,1500,3000,
296,2,67,28653,2,2022-12-01,2022-12-03,2000,4000,Hochet zaekhat poranshe
297,4,153,120396,1,2022-07-10,2022-07-23,1500,3000,Hochet zaekhat poranshe
298,1,25,44252,4,2022-04-20,2022-04-21,1500,3000,"Perezvonit, esli osvoboditsya lyuks"
299,1,1,46180,2,2022-09-25,2022-10-05,2000,4000,
300,2,75,117803,6,2023-02-21,2023-03-03,5000,10000,"Perezvonit, esli osvoboditsya lyuks"
301,4,174,11535,4,2022-09-21,2022-09-30,7000,14000,
302,1,30,3989,6,2023-02-11,2023-02-22,1000,2000,Hochet vid iz okna na gory
303,4,138,111092,3,2022-03-07,2022-03-12,8500,17000,Hochet vid iz okna na gory
304,4,131,65945,7,2022-12-05,2022-12-12,5000,10000,
305,1,26,63571,1,2022-12-30,2023-01-03,1000,2000,Hochet zaekhat poranshe
306,3,83,143778,4,2022-08-28,2022-09-05,2000,4000,
307,4,118,10658,3,2022-04-04,2022-04-10,4500,9000,Hochet zaekhat poranshe
308,4,123,31029,6,2023-01-02,2023-01-13,1500,3000,Hochet zaekhat poranshe
309,4,118,147659,3,2022-06-22,2022-06-23,4500,9000,
310,4,175,92490,5,2023-02-02,2023-02-04,6500,13000,
311,4,127,27305,7,2023-02-05,2023-02-11,2000,4000,
312,3,96,10714,2,2022-05-04,2022-05-14,4000,8000,
313,2,75,142741,7,2022-06-27,2022-07-11,5000,10000,Hochet vid iz okna na gory
314,2,56,31750,1,2022-08-24,2022-08-31,1500,3000,
315,3,90,37138,1,2022-04-04,2022-04-13,9500,19000,
316,4,163,145903,7,2022-10-15,2022-10-26,2000,4000,
317,2,46,51821,3,2023-02-03,2023-02-05,1500,3000,
318,3,87,121212,8,2022-11-04,2022-11-09,1500,3000,Hochet zaekhat poranshe
319,4,156,101758,5,2022-04-25,2022-05-03,2000,4000,
320,2,76,94953,3,2022-07-26,2022-07-28,4000,8000,
321,3,98,39286,7,2023-01-26,2023-02-07,1000,2000,Hochet vid iz okna na gory
322,4,124,988,8,2022-08-26,2022-09-02,6000,12000,
323,3,85,9927,8,2022-05-19,2022-06-01,2000,4000,
324,1,7,63330,5,2022-09-09,2022-09-15,1000,2000,
325,1,3,7523,5,2022-10-01,2022-10-12,1500,3000,"Perezvonit, esli osvoboditsya lyuks"
326,2,72,97006,8,2022-12-09,2022-12-15,1500,3000,
327,4,164,140637,7,2022-03-27,2022-03-28,2000,4000,
328,1,6,27932,2,2023-01-05,2023-01-13,1500,3000,
329,4,170,115333,8,2022-08-13,2022-08-15,4500,9000,
330,3,90,18312,7,2022-12-11,2022-12-16,9500,19000,
331,1,36,64290,8,2022-06-12,2022-06-25,6000,12000,Hochet zaekhat poranshe
332,4,164,42223,3,2022-06-01,2022-06-12,2000,4000,Hochet zaekhat poranshe
333,2,79,84308,8,2023-02-01,2023-02-05,6500,13000,
334,2,75,115540,4,2022-03-28,2022-04-02,5000,10000,
335,4,128,45085,6,2022-09-23,2022-09-26,1500,3000,"Perezvonit, esli osvoboditsya lyuks"
336,4,177,58916,8,2023-02-16,2023-02-23,8500,17000,
337,4,159,24664,5,2023-01-09,2023-01-10,1500,3000,Hochet zaekhat poranshe
338,1,22,71537,6,2022-11-11,2022-11-14,1500,3000,Hochet vid iz okna na gory
339,3,97,108336,4,2022-08-15,2022-08-26,2000,4000,
340,1,25,5970,3,2022-11-04,2022-11-05,1500,3000,Hochet zaekhat poranshe
341,4,166,75187,7,2022-09-24,2022-10-04,10000,20000,Hochet zaekhat poranshe
342,4,128,45466,4,2023-01-09,2023-01-15,1500,3000,Hochet vid iz okna na gory
343,4,150,80719,4,2022-11-18,2022-11-24,9500,19000,
344,2,57,31865,3,2023-01-20,2023-02-02,1500,3000,
345,3,87,137569,1,2022-12-24,2023-01-05,1500,3000,
346,2,46,105465,7,2022-11-18,2022-11-27,1500,3000,
347,2,69,100014,5,2023-01-28,2023-01-29,5000,10000,
348,2,43,62620,1,2022-05-26,2022-06-06,2000,4000,
349,2,39,125761,5,2022-03-30,2022-04-11,4500,9000,Hochet zaekhat poranshe
350,4,161,140955,3,2022-11-16,2022-11-23,2000,4000,
351,2,46,44302,8,2022-05-11,2022-05-25,1500,3000,"Perezvonit, esli osvoboditsya lyuks"
352,2,72,93139,1,2022-07-03,2022-07-13,1500,3000,Hochet vid iz okna na gory
353,4,177,93740,6,2022-05-05,2022-05-15,8500,17000,
354,3,107,37460,3,2023-01-25,2023-01-28,5000,10000,Hochet vid iz okna na gory
355,4,156,84685,6,2022-10-01,2022-10-13,2000,4000,
356,3,104,41394,6,2022-05-22,2022-05-25,2000,4000,"Perezvonit, esli osvoboditsya lyuks"
357,4,124,21147,7,2023-02-26,2023-03-09,6000,12000,
358,4,148,26730,5,2023-02-26,2023-02-27,1000,2000,
359,1,20,58055,5,2022-12-22,2022-12-30,1500,3000,
360,1,22,144989,5,2022-09-10,2022-09-15,1500,3000,
361,1,11,147886,2,2023-02-07,2023-02-09,1500,3000,
362,4,130,25136,6,2022-11-12,2022-11-16,1500,3000,
363,4,150,139311,6,2022-05-25,2022-06-03,9500,19000,
364,2,67,140235,4,2022-06-24,2022-07-01,2000,4000,
365,3,111,89796,3,2022-08-10,2022-08-14,2000,4000,"Perezvonit, esli osvoboditsya lyuks"
366,3,100,10922,6,2022-08-01,2022-08-06,1500,3000,
367,2,47,79692,8,2022-08-04,2022-08-18,9000,18000,"Perezvonit, esli osvoboditsya lyuks"
368,2,73,114707,4,2022-11-25,2022-11-30,1500,3000,"Perezvonit, esli osvoboditsya lyuks"
369,2,61,44809,1,2022-11-25,2022-11-29,8500,17000,Hochet zaekhat poranshe
370,2,43,38153,7,2023-02-05,2023-02-09,2000,4000,
371,1,32,66763,2,2022-05-18,2022-05-22,5500,11000,
372,2,54,75961,3,2022-10-28,2022-11-01,7000,14000,
373,4,143,65263,7,2022-03-06,2022-03-11,1500,3000,Hochet zaekhat poranshe
374,1,6,133693,1,2022-09-30,2022-10-08,1500,3000,
375,1,22,70834,6,2022-04-29,2022-04-30,1500,3000,
376,1,24,75646,3,2023-02-15,2023-02-17,7000,14000,Hochet zaekhat poranshe
377,4,173,31576,6,2022-03-25,2022-04-04,9000,18000,"Perezvonit, esli osvoboditsya lyuks"
378,2,76,137607,6,2022-03-03,2022-03-04,4000,8000,Hochet zaekhat poranshe
379,2,57,88479,3,2022-06-15,2022-06-18,1500,3000,
380,2,60,118888,8,2022-07-06,2022-07-13,2000,4000,
381,1,18,10173,3,2022-07-20,2022-07-27,4500,9000,Hochet zaekhat poranshe
382,3,101,104200,7,2022-10-08,2022-10-19,10000,20000,
383,4,149,149979,8,2022-04-13,2022-04-17,8000,16000,
384,4,152,122445,2,2023-01-04,2023-01-08,7000,14000,Hochet zaekhat poranshe
385,4,128,79896,1,2022-09-01,2022-09-04,1500,3000,Hochet vid iz okna na gory
386,4,183,58099,4,2022-12-02,2022-12-11,2000,4000,Hochet zaekhat poranshe
387,1,15,20931,6,2022-06-04,2022-06-14,2000,4000,
388,1,15,31411,3,2022-10-20,2022-10-27,2000,4000,Hochet vid iz okna na gory
389,4,151,35255,2,2022-10-09,2022-10-19,8000,16000,
390,4,158,125309,5,2022-08-19,2022-08-24,5500,11000,
391,2,70,70299,6,2022-11-19,2022-11-25,2000,4000,
392,1,14,131430,8,2022-05-22,2022-05-26,1500,3000,"Perezvonit, esli osvoboditsya lyuks"
393,2,74,10034,3,2022-11-06,2022-11-16,1500,3000,
394,2,72,22537,4,2022-10-09,2022-10-11,1500,3000,"Perezvonit, esli osvoboditsya lyuks"
395,1,18,34535,8,2022-05-31,2022-06-06,4500,9000,
396,2,59,43614,1,2023-02-18,2023-02-24,5000,10000,Hochet zaekhat poranshe
397,2,42,128480,8,2022-09-02,2022-09-08,1500,3000,
398,4,138,34992,8,2022-12-25,2022-12-30,8500,17000,
399,4,127,61659,8,2023-01-03,2023-01-10,2000,4000,
400,3,88,107425,5,2023-02-17,2023-02-18,2000,4000,
401,4,172,101878,6,2022-06-16,2022-06-29,1500,3000,
402,4,134,25839,2,2023-02-27,2023-03-07,2000,4000,"Perezvonit, esli osvoboditsya lyuks"
403,4,129,90819,1,2022-03-21,2022-04-04,5000,10000,
404,1,34,19482,4,2022-08-16,2022-08-28,2000,4000,Hochet vid iz okna na gory
405,4,126,141006,3,2022-03-23,2022-04-03,1500,3000,
406,3,89,62461,6,2022-11-22,2022-11-25,2000,4000,Hochet zaekhat poranshe
407,1,12,66639,8,2022-08-13,2022-08-27,6500,13000,
408,2,65,10293,7,2023-01-07,2023-01-18,1500,3000,
409,2,48,121250,4,2022-07-18,2022-07-21,1000,2000,Hochet vid iz okna na gory
410,2,70,64443,7,2022-11-28,2022-12-05,2000,4000,
411,4,171,75908,3,2022-05-13,2022-05-18,2000,4000,
412,4,131,10867,8,2022-09-04,2022-09-13,5000,10000,Hochet zaekhat poranshe
413,2,41,140540,7,2023-01-13,2023-01-19,1500,3000,Hochet vid iz okna na gory
414,1,18,145951,1,2023-01-29,2023-02-03,4500,9000,Hochet vid iz okna na gory
415,4,154,49801,6,2022-04-03,2022-04-15,1000,2000,
416,4,123,110788,7,2022-05-11,2022-05-23,1500,3000,Hochet zaekhat poranshe
417,4,174,82849,3,2022-10-06,2022-10-12,7000,14000,
418,3,92,69335,2,2022-04-04,2022-04-11,1500,3000,
419,2,77,22697,5,2022-08-04,2022-08-17,2000,4000,
420,1,33,90798,2,2023-02-12,2023-02-25,1500,3000,
421,4,150,27245,3,2022-09-24,2022-09-27,9500,19000,Hochet zaekhat poranshe
422,2,78,30529,5,2022-08-09,2022-08-20,1000,2000,Hochet vid iz okna na gory
423,2,72,105662,1,2022-11-12,2022-11-19,1500,3000,"Perezvonit, esli osvoboditsya lyuks"
424,2,66,37643,4,2023-01-29,2023-02-12,2000,4000,
425,4,153,48113,6,2022-07-09,2022-07-20,1500,3000,Hochet zaekhat poranshe
426,2,70,147900,2,2022-07-16,2022-07-26,2000,4000,
427,4,153,62707,8,2022-03-17,2022-03-30,1500,3000,Hochet vid iz okna na gory
428,2,42,120247,2,2022-06-14,2022-06-17,1500,3000,"Perezvonit, esli osvoboditsya lyuks"
429,2,56,133746,6,2022-12-03,2022-12-08,1500,3000,
430,2,55,8277,4,2022-09-13,2022-09-21,7500,15000,Hochet zaekhat poranshe
431,1,15,65809,7,2022-04-27,2022-05-11,2000,4000,"Perezvonit, esli osvoboditsya lyuks"
432,3,112,64733,1,2022-03-31,2022-04-04,1500,3000,
433,1,18,25972,7,2022-06-04,2022-06-12,4500,9000,
434,2,69,40747,2,2022-07-13,2022-07-24,5000,10000,Hochet vid iz okna na gory
435,2,66,134204,1,2022-11-13,2022-11-27,2000,4000,
436,2,72,117289,2,2022-11-09,2022-11-23,1500,3000,
437,1,14,36228,7,2022-08-23,2022-08-26,1500,3000,
438,4,120,126295,4,2022-03-17,2022-03-18,2000,4000,"Perezvonit, esli osvoboditsya lyuks"
439,4,120,103002,5,2022-09-30,2022-10-06,2000,4000,
440,3,94,16325,7,2022-05-28,2022-05-29,2000,4000,
441,4,178,70725,3,2022-05-12,2022-05-22,9000,18000,
442,3,101,70612,8,2022-06-22,2022-07-02,10000,20000,Hochet vid iz okna na gory
443,1,25,33603,3,2022-04-04,2022-04-06,1500,3000,Hochet vid iz okna na gory
444,3,111,46350,1,2022-08-31,2022-09-10,2000,4000,
445,4,128,76283,6,2023-01-31,2023-02-01,1500,3000,"Perezvonit, esli osvoboditsya lyuks"
446,2,44,148491,8,2022-07-31,2022-08-12,6000,12000,Hochet zaekhat poranshe
447,3,106,95160,3,2022-04-15,2022-04-25,4500,9000,
448,1,28,47494,3,2022-07-16,2022-07-25,7000,14000,
449,4,151,48918,6,2022-03-07,2022-03-08,8000,16000,
450,3,106,21810,8,2022-06-23,2022-06-25,4500,9000,
451,4,148,148490,1,2022-05-14,2022-05-20,1000,2000,"Perezvonit, esli osvoboditsya lyuks"
452,4,161,67670,2,2022-12-03,2022-12-04,2000,4000,
453,2,66,92382,4,2023-01-28,2023-02-10,2000,4000,
454,3,110,97603,5,2023-02-19,2023-03-01,2000,4000,Hochet zaekhat poranshe
455,2,61,101242,5,2022-09-21,2022-09-29,8500,17000,
456,4,120,27487,4,2022-11-28,2022-12-12,2000,4000,
457,2,62,69447,4,2022-04-12,2022-04-16,1500,3000,
458,4,140,37277,1,2022-11-20,2022-11-28,1500,3000,Hochet vid iz okna na gory
459,3,98,99805,1,2022-04-09,2022-04-13,1000,2000,
460,3,84,135030,6,2023-01-30,2023-02-11,2000,4000,
461,3,101,138828,3,2022-03-31,2022-04-14,10000,20000,Hochet vid iz okna na gory
462,4,146,15150,3,2022-08-20,2022-08-24,2000,4000,
463,2,73,87807,2,2022-09-09,2022-09-19,1500,3000,"Perezvonit, esli osvoboditsya lyuks"
464,1,34,60782,7,2022-05-16,2022-05-19,2000,4000,
465,2,43,143209,6,2022-11-11,2022-11-18,2000,4000,"Perezvonit, esli osvoboditsya lyuks"
466,1,16,22008,3,2023-02-15,2023-02-17,1500,3000,
467,2,71,126285,3,2022-07-18,2022-07-26,7500,15000,
468,3,104,74670,5,2022-12-19,2023-01-02,2000,4000,Hochet zaekhat poranshe
469,4,168,61106,8,2022-03-29,2022-04-04,1000,2000,"Perezvonit, esli osvoboditsya lyuks"
470,4,170,118237,5,2022-09-21,2022-10-01,4500,9000,Hochet zaekhat poranshe
471,4,150,114755,3,2022-04-08,2022-04-19,9500,19000,
472,1,19,40838,7,2022-05-20,2022-05-21,1500,3000,
473,4,125,98570,2,2022-03-30,2022-04-04,5500,11000,
474,4,143,132200,7,2023-02-14,2023-02-15,1500,3000,
475,2,54,80664,6,2023-02-16,2023-02-17,7000,14000,
476,2,65,118904,8,2022-06-28,2022-06-30,1500,3000,"Perezvonit, esli osvoboditsya lyuks"
477,3,93,135593,3,2022-12-02,2022-12-10,1500,3000,Hochet vid iz okna na gory
478,1,19,92276,8,2022-04-29,2022-05-12,1500,3000,
479,1,5,36068,3,2022-04-07,2022-04-13,1500,3000,Hochet vid iz okna na gory
480,1,23,143795,2,2023-02-18,2023-02-24,4000,8000,
481,1,17,137510,5,2022-09-16,2022-09-20,1000,2000,"Perezvonit, esli osvoboditsya lyuks"
482,2,44,119977,7,2022-09-26,2022-10-05,6000,12000,Hochet zaekhat poranshe
483,3,110,7823,1,2022-03-01,2022-03-07,2000,4000,
484,2,55,70206,4,2022-06-05,2022-06-09,7500,15000,
485,4,134,105440,1,2022-11-12,2022-11-20,2000,4000,"Perezvonit, esli osvoboditsya lyuks"
486,4,151,63904,1,2022-04-12,2022-04-16,8000,16000,"Perezvonit, esli osvoboditsya lyuks"
487,3,114,100577,1,2022-11-15,2022-11-26,2000,4000,"Perezvonit, esli osvoboditsya lyuks"
488,4,155,147497,8,2022-10-21,2022-11-03,4500,9000,Hochet zaekhat poranshe
489,4,156,13816,4,2022-07-30,2022-08-12,2000,4000,
490,3,83,113943,7,2022-12-22,2022-12-31,2000,4000,
491,4,127,64541,2,2022-07-25,2022-07-27,2000,4000,
492,4,138,1668,6,2022-11-30,2022-12-06,8500,17000,
493,2,59,33633,7,2022-07-22,2022-07-31,5000,10000,"Perezvonit, esli osvoboditsya lyuks"
494,2,44,31100,7,2022-03-05,2022-03-09,6000,12000,
495,1,6,133228,1,2022-06-04,2022-06-09,1500,3000,
496,4,124,210,4,2023-01-29,2023-01-31,6000,12000,
497,2,71,71432,7,2022-12-28,2023-01-01,7500,15000,
498,3,108,109886,3,2022-08-03,2022-08-09,1500,3000,
499,3,82,143636,8,2022-03-10,2022-03-15,8000,16000,"Perezvonit, esli osvoboditsya lyuks"
500,1,9,44549,3,2022-08-21,2022-09-02,1000,2000,Hochet vid iz okna na gory
501,3,100,102862,1,2022-03-30,2022-04-07,1500,3000,Hochet vid iz okna na gory
502,3,114,5531,1,2022-10-04,2022-10-09,2000,4000,Hochet vid iz okna na gory
503,3,110,121602,6,2022-06-15,2022-06-26,2000,4000,"Perezvonit, esli osvoboditsya lyuks"
504,1,34,1600,3,2022-08-12,2022-08-16,2000,4000,Hochet vid iz okna na gory
505,1,34,128874,3,2022-12-01,2022-12-13,2000,4000,
506,3,116,36940,6,2022-11-01,2022-11-15,1500,3000,
507,2,44,101559,8,2022-05-07,2022-05-08,6000,12000,Hochet zaekhat poranshe
508,2,57,76052,6,2022-04-05,2022-04-17,1500,3000,
509,2,74,76988,2,2023-02-17,2023-02-23,1500,3000,
510,4,178,43518,5,2023-01-01,2023-01-04,9000,18000,
511,1,38,108766,3,2022-04-30,2022-05-13,5000,10000,Hochet zaekhat poranshe
512,4,126,147675,1,2023-02-16,2023-02-24,1500,3000,Hochet zaekhat poranshe
513,3,93,81542,3,2022-07-05,2022-07-07,1500,3000,Hochet vid iz okna na gory
514,4,149,138871,5,2022-10-06,2022-10-09,8000,16000,
515,4,153,85672,4,2022-03-07,2022-03-10,1500,3000,
516,1,34,14621,5,2022-07-23,2022-08-01,2000,4000,"Perezvonit, esli osvoboditsya lyuks"
517,4,182,23911,2,2022-06-11,2022-06-20,2000,4000,
518,4,121,84214,2,2022-12-03,2022-12-12,3500,7000,
519,1,20,52049,4,2023-01-13,2023-01-19,1500,3000,Hochet zaekhat poranshe
520,1,18,91688,4,2022-08-15,2022-08-26,4500,9000,
521,4,180,16500,5,2022-12-09,2022-12-15,1500,3000,
522,3,104,113811,6,2022-03-19,2022-03-22,2000,4000,
523,4,163,109599,3,2022-10-16,2022-10-27,2000,4000,
524,3,110,131160,4,2022-04-29,2022-05-13,2000,4000,Hochet zaekhat poranshe
525,3,108,107423,3,2022-05-25,2022-06-01,1500,3000,Hochet vid iz okna na gory
526,2,69,50032,8,2022-12-26,2022-12-30,5000,10000,
527,2,53,141496,8,2023-01-26,2023-02-08,2000,4000,
528,4,182,69590,8,2022-10-26,2022-11-03,2000,4000,"Perezvonit, esli osvoboditsya lyuks"
529,4,153,58156,6,2022-11-12,2022-11-25,1500,3000,"Perezvonit, esli osvoboditsya lyuks"
530,3,113,114147,4,2022-11-08,2022-11-09,1000,2000,
531,4,150,21962,8,2022-10-20,2022-10-22,9500,19000,
532,2,69,139267,6,2022-12-01,2022-12-10,5000,10000,
533,3,104,11317,8,2022-12-16,2022-12-20,2000,4000,
534,2,51,37391,5,2022-11-08,2022-11-16,2000,4000,"Perezvonit, esli osvoboditsya lyuks"
535,3,114,29298,7,2022-06-17,2022-06-18,2000,4000,Hochet vid iz okna na gory
536,2,64,113180,4,2022-03-19,2022-03-24,4000,8000,
537,4,170,109546,3,2022-07-13,2022-07-26,4500,9000,Hochet zaekhat poranshe
538,4,123,39213,2,2022-08-11,2022-08-22,1500,3000,
539,3,110,10655,7,2023-01-11,2023-01-23,2000,4000,
540,3,115,98687,3,2022-11-12,2022-11-20,1500,3000,
541,1,23,28869,1,2023-01-27,2023-02-06,4000,8000,Hochet vid iz okna na gory
542,4,179,125154,1,2022-03-22,2022-03-30,10000,20000,
543,1,13,134960,5,2023-01-14,2023-01-21,7500,15000,
544,4,118,125484,2,2022-12-04,2022-12-08,4500,9000,"Perezvonit, esli osvoboditsya lyuks"
545,2,55,59579,2,2022-10-27,2022-11-10,7500,15000,"Perezvonit, esli osvoboditsya lyuks"
546,3,105,111215,5,2022-08-16,2022-08-23,2000,4000,
547,4,151,2403,7,2022-09-23,2022-09-28,8000,16000,
548,1,26,84901,3,2022-05-03,2022-05-06,1000,2000,
549,1,21,53588,5,2022-09-27,2022-10-09,1500,3000,
550,1,30,111252,3,2022-05-18,2022-05-24,1000,2000,Hochet vid iz okna na gory
551,3,96,110898,8,2022-12-05,2022-12-15,4000,8000,
552,2,65,18190,1,2022-09-19,2022-09-24,1500,3000,Hochet vid iz okna na gory
553,2,71,54246,3,2022-10-09,2022-10-19,7500,15000,
554,4,157,36789,1,2022-10-14,2022-10-25,1500,3000,Hochet vid iz okna na gory
555,1,16,43606,5,2022-03-31,2022-04-04,1500,3000,
556,3,114,129401,2,2022-09-02,2022-09-09,2000,4000,
557,3,84,130631,8,2022-09-30,2022-10-06,2000,4000,
558,4,150,61527,2,2022-10-28,2022-11-11,9500,19000,
559,1,10,43689,3,2022-04-28,2022-05-12,1500,3000,
560,2,50,34357,4,2022-04-25,2022-05-07,8000,16000,"Perezvonit, esli osvoboditsya lyuks"
561,2,61,77471,4,2022-07-14,2022-07-15,8500,17000,Hochet zaekhat poranshe
562,3,115,70451,3,2023-01-28,2023-02-09,1500,3000,
563,2,57,33454,3,2022-12-25,2022-12-29,1500,3000,
564,3,86,103054,7,2022-10-06,2022-10-18,1500,3000,Hochet zaekhat poranshe
565,3,97,21456,1,2022-08-15,2022-08-18,2000,4000,
566,2,50,121792,5,2022-08-08,2022-08-22,8000,16000,"Perezvonit, esli osvoboditsya lyuks"
567,4,140,66352,5,2022-06-20,2022-06-24,1500,3000,Hochet vid iz okna na gory
568,4,137,10119,8,2022-08-15,2022-08-27,1000,2000,Hochet vid iz okna na gory
569,1,12,117136,8,2022-05-10,2022-05-23,6500,13000,Hochet zaekhat poranshe
570,4,165,64024,7,2022-11-03,2022-11-11,10000,20000,
571,3,115,114810,7,2022-07-06,2022-07-16,1500,3000,
572,2,70,87090,3,2023-01-21,2023-01-23,2000,4000,"Perezvonit, esli osvoboditsya lyuks"
573,4,128,69780,5,2022-08-22,2022-09-03,1500,3000,Hochet vid iz okna na gory
574,1,4,73518,8,2022-10-19,2022-10-25,1500,3000,
575,3,83,37902,1,2022-04-08,2022-04-17,2000,4000,Hochet zaekhat poranshe
576,4,180,27043,4,2022-06-30,2022-07-02,1500,3000,
577,4,154,60038,3,2023-02-10,2023-02-11,1000,2000,"Perezvonit, esli osvoboditsya lyuks"
578,4,164,40637,1,2022-04-03,2022-04-11,2000,4000,
579,3,93,146639,4,2022-04-23,2022-04-24,1500,3000,
580,1,2,50983,6,2022-09-01,2022-09-12,1000,2000,
581,4,165,18627,8,2022-10-01,2022-10-08,10000,20000,
582,1,19,38085,4,2022-07-10,2022-07-24,1500,3000,
583,3,91,27484,2,2022-04-11,2022-04-18,4000,8000,
584,1,34,42825,1,2022-06-10,2022-06-23,2000,4000,Hochet vid iz okna na gory
585,4,123,35289,3,2022-10-20,2022-10-29,1500,3000,
586,3,97,114081,7,2022-04-18,2022-04-23,2000,4000,
587,1,14,102181,2,2022-11-01,2022-11-12,1500,3000,
588,2,62,76857,4,2022-11-29,2022-12-07,1500,3000,
589,1,14,34957,7,2022-09-01,2022-09-14,1500,3000,
590,4,178,369,6,2022-10-11,2022-10-13,9000,18000,
591,4,136,87046,1,2022-12-18,2022-12-24,2000,4000,
592,4,152,31164,6,2022-10-12,2022-10-23,7000,14000,Hochet vid iz okna na gory
593,2,45,68796,6,2022-12-01,2022-12-13,5000,10000,Hochet zaekhat poranshe
594,4,127,71806,7,2023-01-27,2023-02-10,2000,4000,
595,4,156,10331,3,2022-05-04,2022-05-06,2000,4000,
596,2,52,2334,1,2022-12-24,2022-12-30,2000,4000,"Perezvonit, esli osvoboditsya lyuks"
597,4,172,123242,4,2022-12-11,2022-12-19,1500,3000,Hochet vid iz okna na gory
598,2,59,46890,2,2023-02-08,2023-02-15,5000,10000,Hochet vid iz okna na gory
599,4,167,124057,8,2022-07-04,2022-07-17,1500,3000,
600,1,29,110229,5,2022-04-30,2022-05-12,2000,4000,Hochet vid iz okna na gory
601,1,11,139245,4,2022-12-10,2022-12-11,1500,3000,
602,2,68,112663,4,2023-01-18,2023-01-29,4000,8000,"Perezvonit, esli osvoboditsya lyuks"
603,2,46,129203,3,2022-12-10,2022-12-21,1500,3000,
604,1,28,80975,2,2023-02-17,2023-02-19,7000,14000,Hochet zaekhat poranshe
605,3,115,108003,5,2022-07-03,2022-07-12,1500,3000,
606,4,137,146587,8,2022-06-30,2022-07-01,1000,2000,Hochet zaekhat poranshe
607,3,116,116657,6,2022-09-07,2022-09-17,1500,3000,
608,3,81,61809,7,2022-08-22,2022-08-23,4000,8000,
609,1,6,48729,4,2022-10-23,2022-11-01,1500,3000,
610,1,34,62855,5,2022-09-09,2022-09-20,2000,4000,Hochet vid iz okna na gory
611,4,168,55187,4,2022-05-28,2022-06-08,1000,2000,"Perezvonit, esli osvoboditsya lyuks"
612,4,120,104269,8,2023-01-20,2023-01-23,2000,4000,
613,4,163,146102,2,2022-09-02,2022-09-12,2000,4000,
614,2,77,18551,1,2022-04-11,2022-04-13,2000,4000,Hochet vid iz okna na gory
615,2,70,92550,3,2022-05-24,2022-06-01,2000,4000,
616,3,102,20022,7,2022-08-06,2022-08-11,2000,4000,
617,4,127,149914,4,2022-08-19,2022-08-24,2000,4000,"Perezvonit, esli osvoboditsya lyuks"
618,3,97,28433,5,2022-05-29,2022-06-09,2000,4000,"Perezvonit, esli osvoboditsya lyuks"
619,4,163,140290,2,2022-05-14,2022-05-16,2000,4000,
620,2,77,82686,4,2022-08-15,2022-08-27,2000,4000,"Perezvonit, esli osvoboditsya lyuks"
621,4,141,19091,7,2023-01-28,2023-01-31,4000,8000,Hochet zaekhat poranshe
622,4,166,5280,8,2022-06-23,2022-07-03,10000,20000,Hochet vid iz okna na gory
623,4,147,139921,6,2022-12-01,2022-12-03,7500,15000,
624,3,83,144550,6,2023-02-14,2023-02-22,2000,4000,Hochet zaekhat poranshe
625,3,103,10776,4,2022-06-23,2022-06-30,1500,3000,Hochet vid iz okna na gory
626,1,1,60203,4,2022-09-04,2022-09-14,2000,4000,
627,4,151,94282,7,2022-06-06,2022-06-19,8000,16000,Hochet vid iz okna na gory
628,4,159,139803,8,2022-06-22,2022-06-30,1500,3000,Hochet vid iz okna na gory
629,4,134,137413,8,2022-06-22,2022-07-05,2000,4000,
630,4,137,60269,8,2023-02-05,2023-02-13,1000,2000,
631,4,124,138137,2,2022-07-22,2022-07-30,6000,12000,
632,3,99,14087,6,2022-09-11,2022-09-24,2000,4000,
633,3,86,143715,2,2023-01-26,2023-02-09,1500,3000,"Perezvonit, esli osvoboditsya lyuks"
634,3,102,37702,2,2022-07-04,2022-07-11,2000,4000,
635,1,26,73265,2,2023-01-23,2023-01-31,1000,2000,
636,2,48,107010,4,2023-02-13,2023-02-14,1000,2000,
637,3,92,16311,6,2022-03-05,2022-03-08,1500,3000,Hochet vid iz okna na gory
638,1,35,51396,4,2022-05-31,2022-06-12,4500,9000,Hochet vid iz okna na gory
639,2,49,27159,7,2022-04-01,2022-04-03,1000,2000,
640,2,67,22291,3,2022-05-21,2022-06-01,2000,4000,Hochet vid iz okna na gory
641,4,163,52260,3,2022-10-27,2022-11-10,2000,4000,"Perezvonit, esli osvoboditsya lyuks"
642,4,176,143925,8,2022-07-16,2022-07-25,1000,2000,Hochet vid iz okna na gory
643,2,40,46110,2,2023-01-16,2023-01-27,1500,3000,
644,3,116,21219,3,2022-06-23,2022-07-02,1500,3000,
645,3,111,57236,2,2023-02-11,2023-02-13,2000,4000,
646,4,144,129406,8,2022-07-24,2022-07-31,1500,3000,"Perezvonit, esli osvoboditsya lyuks"
647,3,100,67421,3,2022-04-25,2022-05-03,1500,3000,
648,2,52,126266,2,2022-03-23,2022-04-01,2000,4000,
649,4,134,95211,8,2023-02-15,2023-02-21,2000,4000,
650,4,180,24925,1,2022-05-16,2022-05-18,1500,3000,
651,1,7,143898,1,2022-05-09,2022-05-14,1000,2000,
652,3,100,66678,8,2022-09-11,2022-09-19,1500,3000,"Perezvonit, esli osvoboditsya lyuks"
653,1,5,6524,7,2022-11-03,2022-11-10,1500,3000,
654,1,24,83072,5,2022-07-21,2022-07-31,7000,14000,
655,3,112,42374,7,2022-10-28,2022-10-29,1500,3000,
656,2,77,136074,1,2022-03-14,2022-03-19,2000,4000,"Perezvonit, esli osvoboditsya lyuks"
657,3,93,38160,3,2022-10-17,2022-10-25,1500,3000,
658,2,75,122716,3,2023-01-12,2023-01-23,5000,10000,
659,1,34,71446,2,2022-05-16,2022-05-24,2000,4000,"Perezvonit, esli osvoboditsya lyuks"
660,2,54,43319,2,2022-12-17,2022-12-25,7000,14000,Hochet zaekhat poranshe
661,2,48,79585,2,2022-07-23,2022-08-05,1000,2000,"Perezvonit, esli osvoboditsya lyuks"
662,3,101,60216,4,2023-02-14,2023-02-26,10000,20000,
663,3,116,136809,7,2022-09-21,2022-09-22,1500,3000,Hochet vid iz okna na gory
664,2,41,49337,1,2023-02-28,2023-03-12,1500,3000,"Perezvonit, esli osvoboditsya lyuks"
665,2,62,49525,5,2022-09-02,2022-09-09,1500,3000,Hochet vid iz okna na gory
666,1,23,12862,1,2023-01-30,2023-02-06,4000,8000,
667,3,109,108666,6,2022-10-21,2022-10-28,7000,14000,Hochet zaekhat poranshe
668,4,154,132117,2,2022-08-28,2022-09-02,1000,2000,
669,2,46,122022,7,2022-03-12,2022-03-16,1500,3000,
670,3,91,72036,4,2022-08-11,2022-08-12,4000,8000,"Perezvonit, esli osvoboditsya lyuks"
671,1,37,59443,1,2022-04-05,2022-04-16,1500,3000,
672,4,146,91009,6,2022-11-12,2022-11-21,2000,4000,
673,2,42,67781,8,2022-10-24,2022-10-28,1500,3000,
674,3,117,18756,5,2022-08-04,2022-08-07,6500,13000,
675,4,153,141647,7,2023-02-12,2023-02-22,1500,3000,Hochet zaekhat poranshe
676,2,75,88569,7,2022-04-27,2022-05-05,5000,10000,Hochet zaekhat poranshe
677,4,133,38365,4,2023-02-24,2023-03-03,2000,4000,Hochet vid iz okna na gory
678,2,54,31894,1,2022-04-02,2022-04-16,7000,14000,Hochet vid iz okna na gory
679,3,111,37693,7,2023-01-16,2023-01-22,2000,4000,Hochet vid iz okna na gory
680,1,33,140555,1,2023-02-13,2023-02-18,1500,3000,Hochet vid iz okna na gory
681,3,115,47159,6,2022-04-23,2022-04-29,1500,3000,
682,2,39,99804,1,2022-07-14,2022-07-28,4500,9000,"Perezvonit, esli osvoboditsya lyuks"
683,1,14,68744,4,2023-01-18,2023-01-19,1500,3000,
684,1,37,86619,1,2022-09-02,2022-09-06,1500,3000,
685,4,178,34723,1,2023-01-02,2023-01-12,9000,18000,
686,3,100,68239,1,2022-11-11,2022-11-17,1500,3000,
687,2,62,102465,7,2022-08-14,2022-08-26,1500,3000,"Perezvonit, esli osvoboditsya lyuks"
688,4,138,105850,3,2022-05-18,2022-05-21,8500,17000,
689,3,88,84600,5,2022-07-21,2022-07-25,2000,4000,
690,1,14,140305,3,2022-12-23,2023-01-05,1500,3000,Hochet zaekhat poranshe
691,4,123,78491,8,2022-06-12,2022-06-21,1500,3000,Hochet zaekhat poranshe
692,4,170,56473,2,2022-05-08,2022-05-16,4500,9000,Hochet zaekhat poranshe
693,4,127,112421,2,2023-02-17,2023-02-19,2000,4000,Hochet vid iz okna na gory
694,2,50,142671,3,2023-02-22,2023-03-03,8000,16000,
695,3,99,82155,7,2022-12-20,2023-01-02,2000,4000,Hochet zaekhat poranshe
696,4,136,30086,6,2023-02-03,2023-02-09,2000,4000,Hochet vid iz okna na gory
697,1,13,123844,2,2022-04-27,2022-04-28,7500,15000,
698,2,50,138255,3,2022-03-22,2022-03-30,8000,16000,Hochet zaekhat poranshe
699,4,131,121314,4,2022-12-31,2023-01-04,5000,10000,"Perezvonit, esli osvoboditsya lyuks"
700,1,38,110221,6,2022-05-16,2022-05-30,5000,10000,
701,2,70,29668,7,2023-02-07,2023-02-16,2000,4000,"Perezvonit, esli osvoboditsya lyuks"
702,3,83,71436,7,2022-07-11,2022-07-19,2000,4000,"Perezvonit, esli osvoboditsya lyuks"
703,4,132,102507,6,2022-12-06,2022-12-11,3500,7000,
704,3,109,68362,5,2022-12-25,2022-12-31,7000,14000,
705,3,96,148506,3,2022-08-05,2022-08-06,4000,8000,
706,2,68,55772,5,2022-10-21,2022-10-22,4000,8000,
707,2,59,108066,8,2022-06-21,2022-07-05,5000,10000,
708,4,119,37600,2,2022-04-07,2022-04-21,2000,4000,
709,1,34,98123,6,2022-06-08,2022-06-16,2000,4000,
710,4,137,129601,1,2022-03-03,2022-03-04,1000,2000,Hochet zaekhat poranshe
711,2,67,61262,4,2022-03-04,2022-03-14,2000,4000,
712,3,80,3443,4,2023-02-11,2023-02-17,1500,3000,Hochet vid iz okna na gory
713,3,93,78118,7,2022-09-10,2022-09-18,1500,3000,"Perezvonit, esli osvoboditsya lyuks"
714,4,150,129596,3,2022-03-23,2022-03-27,9500,19000,Hochet zaekhat poranshe
715,2,77,5914,4,2022-10-01,2022-10-15,2000,4000,Hochet vid iz okna na gory
716,4,166,80329,2,2022-03-30,2022-04-04,10000,20000,
717,2,70,62722,2,2022-10-22,2022-11-05,2000,4000,
718,4,162,111578,6,2022-08-24,2022-09-01,2000,4000,
719,4,168,91453,2,2022-09-08,2022-09-19,1000,2000,
720,4,122,119487,3,2022-07-23,2022-07-26,3500,7000,Hochet vid iz okna na gory
721,1,16,90976,4,2022-10-03,2022-10-07,1500,3000,"Perezvonit, esli osvoboditsya lyuks"
722,4,166,20064,5,2022-08-05,2022-08-17,10000,20000,"Perezvonit, esli osvoboditsya lyuks"
723,1,28,56599,4,2023-02-27,2023-03-09,7000,14000,Hochet zaekhat poranshe
724,4,151,109745,1,2023-02-26,2023-03-04,8000,16000,"Perezvonit, esli osvoboditsya lyuks"
725,4,146,147562,8,2022-08-19,2022-08-21,2000,4000,
726,4,169,113991,3,2022-06-27,2022-07-03,9000,18000,Hochet zaekhat poranshe
727,1,36,58061,1,2023-02-06,2023-02-11,6000,12000,"Perezvonit, esli osvoboditsya lyuks"
728,1,12,127261,8,2022-10-17,2022-10-27,6500,13000,Hochet zaekhat poranshe
729,2,66,58760,2,2022-09-11,2022-09-17,2000,4000,Hochet zaekhat poranshe
730,4,157,83302,8,2022-05-25,2022-06-06,1500,3000,
731,2,54,1939,2,2022-04-28,2022-05-12,7000,14000,
732,4,127,99698,3,2023-01-17,2023-01-22,2000,4000,"Perezvonit, esli osvoboditsya lyuks"
733,2,73,117909,8,2023-02-18,2023-02-28,1500,3000,"Perezvonit, esli osvoboditsya lyuks"
734,2,74,45636,6,2022-06-22,2022-07-03,1500,3000,
735,4,180,100546,7,2022-10-27,2022-11-06,1500,3000,
736,2,55,16049,8,2022-05-14,2022-05-20,7500,15000,Hochet vid iz okna na gory
737,1,28,106808,7,2022-10-04,2022-10-18,7000,14000,"Perezvonit, esli osvoboditsya lyuks"
738,4,149,1786,2,2023-02-15,2023-02-16,8000,16000,Hochet vid iz okna na gory
739,4,134,68382,5,2022-10-12,2022-10-13,2000,4000,Hochet vid iz okna na gory
740,4,165,114829,6,2022-03-02,2022-03-04,10000,20000,Hochet zaekhat poranshe
741,4,167,103423,3,2022-06-10,2022-06-24,1500,3000,
742,2,78,48092,7,2022-04-30,2022-05-12,1000,2000,Hochet zaekhat poranshe
743,2,57,64970,5,2022-11-18,2022-11-23,1500,3000,
744,1,32,130187,7,2022-05-20,2022-05-21,5500,11000,
745,4,174,35570,2,2022-06-27,2022-06-30,7000,14000,
746,3,102,143936,5,2022-10-28,2022-11-09,2000,4000,Hochet vid iz okna na gory
747,1,8,127816,3,2022-11-02,2022-11-06,2000,4000,
748,4,128,96712,3,2022-03-27,2022-04-07,1500,3000,
749,4,121,115099,4,2022-10-31,2022-11-13,3500,7000,Hochet zaekhat poranshe
750,4,145,140094,8,2022-12-28,2023-01-09,2000,4000,"Perezvonit, esli osvoboditsya lyuks"
751,2,68,69526,4,2022-09-18,2022-09-19,4000,8000,Hochet zaekhat poranshe
752,4,140,146567,7,2022-03-21,2022-03-24,1500,3000,
753,4,173,44569,3,2022-10-18,2022-10-21,9000,18000,Hochet vid iz okna na gory
754,1,26,107732,6,2022-07-20,2022-07-30,1000,2000,
755,3,91,33178,5,2022-07-05,2022-07-12,4000,8000,
756,4,144,133778,2,2022-11-04,2022-11-16,1500,3000,"Perezvonit, esli osvoboditsya lyuks"
757,4,136,13270,2,2022-09-09,2022-09-11,2000,4000,Hochet zaekhat poranshe
758,1,9,75805,7,2023-01-15,2023-01-22,1000,2000,
759,4,172,138049,8,2023-01-12,2023-01-23,1500,3000,Hochet vid iz okna na gory
760,2,41,17970,6,2022-09-12,2022-09-23,1500,3000,
761,4,138,89865,1,2022-07-29,2022-08-04,8500,17000,
762,2,59,129258,1,2023-01-03,2023-01-04,5000,10000,
763,2,72,135313,2,2022-12-06,2022-12-14,1500,3000,
764,4,160,118053,7,2022-03-27,2022-03-28,5500,11000,
765,1,2,115799,7,2022-05-08,2022-05-16,1000,2000,
766,4,172,10210,7,2022-04-07,2022-04-10,1500,3000,
767,3,80,82026,5,2022-05-13,2022-05-17,1500,3000,Hochet vid iz okna na gory
768,4,164,133634,2,2022-03-18,2022-03-24,2000,4000,
769,1,28,27130,8,2022-10-26,2022-11-09,7000,14000,Hochet zaekhat poranshe
770,4,170,51371,5,2023-02-10,2023-02-21,4500,9000,
771,2,49,800,3,2023-01-03,2023-01-16,1000,2000,
772,4,145,92794,4,2022-11-14,2022-11-28,2000,4000,
773,2,65,87680,7,2022-05-16,2022-05-22,1500,3000,"Perezvonit, esli osvoboditsya lyuks"
774,1,38,2558,8,2022-09-01,2022-09-14,5000,10000,"Perezvonit, esli osvoboditsya lyuks"
775,3,85,8162,8,2022-04-16,2022-04-18,2000,4000,
776,4,121,53923,7,2022-07-09,2022-07-22,3500,7000,Hochet vid iz okna na gory
777,3,100,63902,6,2022-10-06,2022-10-17,1500,3000,
778,4,146,68819,7,2022-04-01,2022-04-15,2000,4000,
779,1,25,83783,3,2022-09-30,2022-10-13,1500,3000,"Perezvonit, esli osvoboditsya lyuks"
780,4,158,89039,7,2022-05-28,2022-06-08,5500,11000,
781,4,124,26394,8,2022-06-29,2022-07-02,6000,12000,
782,1,37,26618,8,2023-02-11,2023-02-22,1500,3000,Hochet vid iz okna na gory
783,4,134,56017,6,2022-06-12,2022-06-20,2000,4000,
784,1,24,81856,3,2022-12-16,2022-12-23,7000,14000,Hochet zaekhat poranshe
785,3,102,42158,5,2022-04-02,2022-04-09,2000,4000,
786,4,159,80106,2,2022-07-07,2022-07-11,1500,3000,
787,4,135,37054,4,2023-02-08,2023-02-19,1500,3000,Hochet vid iz okna na gory
788,4,172,88685,7,2022-06-16,2022-06-18,1500,3000,Hochet vid iz okna na gory
789,4,161,74526,5,2022-06-08,2022-06-17,2000,4000,"Perezvonit, esli osvoboditsya lyuks"
790,3,112,9816,5,2023-02-19,2023-02-27,1500,3000,"Perezvonit, esli osvoboditsya lyuks"
791,2,72,44010,2,2023-02-05,2023-02-07,1500,3000,Hochet zaekhat poranshe
792,4,155,80700,4,2022-07-22,2022-07-29,4500,9000,
793,3,101,119324,8,2022-10-04,2022-10-15,10000,20000,
794,1,31,94714,6,2022-08-03,2022-08-16,1500,3000,
795,4,136,149934,2,2022-03-05,2022-03-13,2000,4000,Hochet vid iz okna na gory
796,1,7,137966,2,2022-04-18,2022-04-19,1000,2000,
797,4,182,79769,6,2022-08-17,2022-08-29,2000,4000,"Perezvonit, esli osvoboditsya lyuks"
798,4,126,30337,8,2022-12-27,2023-01-07,1500,3000,"Perezvonit, esli osvoboditsya lyuks"
799,3,104,7258,8,2022-06-30,2022-07-05,2000,4000,Hochet zaekhat poranshe
800,4,156,16564,6,2023-02-17,2023-02-20,2000,4000,
801,2,63,33499,2,2022-10-21,2022-10-31,8500,17000,
802,2,48,5122,6,2022-11-18,2022-11-19,1000,2000,Hochet vid iz okna na gory
803,3,92,141068,4,2022-04-12,2022-04-19,1500,3000,
804,3,96,61591,8,2022-11-06,2022-11-15,4000,8000,
805,3,97,25301,2,2022-03-22,2022-03-30,2000,4000,Hochet zaekhat poranshe
806,1,14,92686,7,2022-08-15,2022-08-23,1500,3000,
807,3,97,23958,8,2022-03-21,2022-04-03,2000,4000,
808,2,52,40393,5,2023-02-03,2023-02-08,2000,4000,Hochet zaekhat poranshe
809,3,115,2893,5,2022-03-26,2022-04-05,1500,3000,"Perezvonit, esli osvoboditsya lyuks"
810,4,139,109798,7,2023-02-23,2023-03-02,1500,3000,"Perezvonit, esli osvoboditsya lyuks"
811,2,59,101682,5,2022-05-21,2022-05-29,5000,10000,"Perezvonit, esli osvoboditsya lyuks"
812,2,58,142766,7,2022-08-02,2022-08-04,1000,2000,Hochet zaekhat poranshe
813,4,126,105201,7,2022-10-30,2022-11-06,1500,3000,"Perezvonit, esli osvoboditsya lyuks"
814,4,140,136776,1,2022-08-29,2022-09-04,1500,3000,
815,2,67,3203,6,2022-03-12,2022-03-19,2000,4000,Hochet zaekhat poranshe
816,4,141,147538,4,2022-03-11,2022-03-23,4000,8000,
817,3,83,80985,3,2022-05-30,2022-05-31,2000,4000,
818,2,42,40337,5,2022-09-24,2022-09-29,1500,3000,"Perezvonit, esli osvoboditsya lyuks"
819,3,95,12455,4,2022-08-18,2022-08-25,6500,13000,
820,1,19,76109,7,2022-10-08,2022-10-19,1500,3000,
821,3,111,38738,4,2022-08-20,2022-08-21,2000,4000,Hochet zaekhat poranshe
822,3,97,108941,2,2022-11-29,2022-12-06,2000,4000,Hochet vid iz okna na gory
823,4,138,64503,3,2022-09-24,2022-10-01,8500,17000,Hochet vid iz okna na gory
824,1,24,125541,6,2022-09-30,2022-10-08,7000,14000,
825,2,60,106074,6,2022-08-04,2022-08-17,2000,4000,
826,4,144,14940,4,2022-09-14,2022-09-24,1500,3000,Hochet zaekhat poranshe
827,4,122,71969,8,2022-03-24,2022-03-25,3500,7000,"Perezvonit, esli osvoboditsya lyuks"
828,1,26,139884,4,2022-11-21,2022-11-26,1000,2000,
829,4,121,93631,7,2022-04-06,2022-04-10,3500,7000,
830,3,108,143882,4,2022-06-17,2022-06-20,1500,3000,
831,4,141,60293,3,2022-12-05,2022-12-18,4000,8000,Hochet vid iz okna na gory
832,1,12,11373,4,2022-09-03,2022-09-13,6500,13000,
833,4,162,35663,7,2022-07-20,2022-07-29,2000,4000,
834,1,3,105261,1,2022-04-20,2022-05-02,1500,3000,
835,4,136,131395,8,2022-07-25,2022-08-06,2000,4000,"Perezvonit, esli osvoboditsya lyuks"
836,3,81,129343,3,2022-03-28,2022-04-11,4000,8000,
837,1,18,18997,3,2022-09-03,2022-09-09,4500,9000,
838,3,85,110189,3,2022-11-27,2022-12-07,2000,4000,
839,2,62,2074,6,2022-07-25,2022-08-07,1500,3000,
840,3,91,44184,8,2023-02-22,2023-02-23,4000,8000,
841,2,73,96264,4,2022-10-25,2022-10-26,1500,3000,
842,4,132,114842,7,2022-12-18,2022-12-26,3500,7000,
843,4,182,144373,3,2023-01-31,2023-02-03,2000,4000,
844,2,50,50495,5,2022-10-04,2022-10-16,8000,16000,
845,3,95,115447,2,2022-07-28,2022-08-02,6500,13000,
846,3,102,72173,8,2022-06-05,2022-06-16,2000,4000,Hochet vid iz okna na gory
847,3,114,63851,3,2022-04-14,2022-04-15,2000,4000,
848,4,151,106866,2,2022-05-28,2022-06-08,8000,16000,
849,3,87,19976,5,2022-07-19,2022-07-24,1500,3000,Hochet vid iz okna na gory
850,3,111,16857,1,2022-10-17,2022-10-31,2000,4000,Hochet vid iz okna na gory
851,2,47,21703,6,2022-06-21,2022-07-04,9000,18000,
852,1,3,36024,5,2022-10-17,2022-10-30,1500,3000,
853,4,169,148863,2,2022-09-19,2022-09-25,9000,18000,
854,2,45,51933,5,2022-03-08,2022-03-19,5000,10000,
855,4,147,86701,4,2023-02-25,2023-03-08,7500,15000,Hochet zaekhat poranshe
856,1,19,66474,3,2022-04-28,2022-05-08,1500,3000,"Perezvonit, esli osvoboditsya lyuks"
857,3,96,3098,8,2022-11-10,2022-11-24,4000,8000,
858,2,40,18818,7,2023-02-27,2023-03-12,1500,3000,
859,3,106,135931,3,2022-12-12,2022-12-19,4500,9000,
860,1,6,126174,8,2022-12-02,2022-12-13,1500,3000,"Perezvonit, esli osvoboditsya lyuks"
861,1,10,111083,7,2022-05-27,2022-06-04,1500,3000,Hochet zaekhat poranshe
862,4,150,57921,4,2022-07-20,2022-07-22,9500,19000,Hochet vid iz okna na gory
863,4,172,6258,8,2022-07-09,2022-07-11,1500,3000,
864,2,74,66692,8,2022-03-28,2022-04-06,1500,3000,
865,2,64,33316,1,2022-11-15,2022-11-16,4000,8000,Hochet vid iz okna na gory
866,4,142,90310,1,2023-01-07,2023-01-16,5000,10000,
867,1,19,4436,1,2022-12-19,2022-12-27,1500,3000,
868,4,131,119290,6,2022-07-06,2022-07-19,5000,10000,Hochet vid iz okna na gory
869,1,24,107022,1,2022-08-17,2022-08-31,7000,14000,Hochet vid iz okna na gory
870,2,68,24822,5,2022-10-01,2022-10-07,4000,8000,Hochet vid iz okna na gory
871,2,42,139604,3,2022-04-16,2022-04-25,1500,3000,Hochet zaekhat poranshe
872,3,106,122465,3,2022-04-08,2022-04-14,4500,9000,"Perezvonit, esli osvoboditsya lyuks"
873,3,94,59977,3,2023-01-08,2023-01-20,2000,4000,Hochet vid iz okna na gory
874,4,153,141737,5,2022-12-30,2023-01-13,1500,3000,
875,3,102,113292,8,2022-08-24,2022-09-03,2000,4000,
876,1,6,143894,6,2023-01-12,2023-01-23,1500,3000,
877,4,141,137983,2,2022-11-06,2022-11-13,4000,8000,
878,4,122,133509,5,2022-04-14,2022-04-25,3500,7000,
879,3,81,68224,5,2022-12-14,2022-12-18,4000,8000,
880,4,167,75776,4,2022-06-12,2022-06-19,1500,3000,Hochet vid iz okna na gory
881,3,99,31475,7,2023-02-01,2023-02-06,2000,4000,
882,2,64,90769,6,2022-07-24,2022-07-31,4000,8000,
883,4,182,35731,8,2022-06-25,2022-07-03,2000,4000,Hochet zaekhat poranshe
884,3,80,122648,4,2022-11-19,2022-11-26,1500,3000,Hochet zaekhat poranshe
885,4,126,110835,1,2022-07-11,2022-07-16,1500,3000,"Perezvonit, esli osvoboditsya lyuks"
886,4,179,80961,5,2022-12-05,2022-12-12,10000,20000,"Perezvonit, esli osvoboditsya lyuks"
887,1,11,104925,6,2022-03-26,2022-04-07,1500,3000,Hochet vid iz okna na gory
888,3,112,67641,4,2022-05-28,2022-06-08,1500,3000,
889,1,1,45245,4,2022-12-07,2022-12-20,2000,4000,
890,1,26,20433,6,2023-01-24,2023-01-29,1000,2000,
891,3,93,134180,6,2023-02-22,2023-03-02,1500,3000,
892,3,114,116450,7,2022-09-06,2022-09-15,2000,4000,"Perezvonit, esli osvoboditsya lyuks"
893,3,117,132571,1,2022-07-09,2022-07-14,6500,13000,Hochet zaekhat poranshe
894,2,63,55269,5,2022-03-07,2022-03-14,8500,17000,
895,1,22,29500,7,2022-06-13,2022-06-24,1500,3000,"Perezvonit, esli osvoboditsya lyuks"
896,2,79,51624,1,2023-01-19,2023-01-28,6500,13000,
897,1,37,110276,2,2022-08-26,2022-09-07,1500,3000,Hochet zaekhat poranshe
898,1,35,102905,2,2022-08-17,2022-08-29,4500,9000,
899,3,84,133174,4,2022-11-03,2022-11-15,2000,4000,Hochet zaekhat poranshe
900,4,158,114172,3,2022-05-02,2022-05-14,5500,11000,
901,2,74,50132,4,2022-07-06,2022-07-11,1500,3000,
902,1,8,38736,7,2022-10-25,2022-10-28,2000,4000,
903,2,67,134777,7,2022-07-23,2022-08-04,2000,4000,
904,2,62,47619,8,2022-04-28,2022-05-06,1500,3000,
905,1,35,46605,1,2022-04-30,2022-05-05,4500,9000,
906,3,117,35499,6,2022-04-07,2022-04-15,6500,13000,Hochet vid iz okna na gory
907,1,22,110060,4,2023-01-13,2023-01-17,1500,3000,Hochet vid iz okna na gory
908,2,66,9773,5,2022-05-20,2022-05-29,2000,4000,
909,2,42,98714,4,2023-02-15,2023-02-20,1500,3000,
910,3,115,85223,4,2022-09-12,2022-09-24,1500,3000,Hochet vid iz okna na gory
911,4,147,17459,8,2022-04-19,2022-05-03,7500,15000,"Perezvonit, esli osvoboditsya lyuks"
912,2,58,66739,7,2022-06-24,2022-07-06,1000,2000,
913,3,112,42025,3,2022-03-07,2022-03-19,1500,3000,Hochet vid iz okna na gory
914,3,94,83437,1,2023-01-13,2023-01-21,2000,4000,
915,4,158,9370,3,2022-04-01,2022-04-10,5500,11000,"Perezvonit, esli osvoboditsya lyuks"
916,4,135,2544,5,2022-10-19,2022-10-22,1500,3000,Hochet zaekhat poranshe
917,3,89,54074,6,2023-02-09,2023-02-18,2000,4000,
918,2,39,114449,4,2022-07-24,2022-07-30,4500,9000,
919,1,23,14775,6,2023-01-24,2023-02-02,4000,8000,
920,3,95,66581,1,2022-12-09,2022-12-10,6500,13000,
921,3,113,51096,4,2023-02-03,2023-02-12,1000,2000,"Perezvonit, esli osvoboditsya lyuks"
922,1,16,143804,4,2022-05-16,2022-05-28,1500,3000,
923,2,69,113312,1,2022-03-11,2022-03-18,5000,10000,
924,1,3,88013,3,2022-09-30,2022-10-06,1500,3000,
925,2,49,2193,2,2023-01-27,2023-02-10,1000,2000,Hochet vid iz okna na gory
926,1,15,148355,7,2022-12-24,2022-12-30,2000,4000,"Perezvonit, esli osvoboditsya lyuks"
927,4,171,102460,3,2022-10-31,2022-11-03,2000,4000,
928,1,34,121951,6,2022-11-25,2022-11-29,2000,4000,
929,2,46,58565,7,2022-04-17,2022-04-28,1500,3000,Hochet zaekhat poranshe
930,3,91,12005,1,2022-11-12,2022-11-21,4000,8000,Hochet zaekhat poranshe
931,2,46,136963,1,2022-04-25,2022-04-28,1500,3000,
932,4,136,105904,4,2022-08-05,2022-08-11,2000,4000,
933,2,57,65018,6,2022-05-10,2022-05-13,1500,3000,
934,4,138,110476,1,2022-04-16,2022-04-30,8500,17000,
935,2,58,150083,3,2022-05-05,2022-05-15,1000,2000,Hochet zaekhat poranshe
936,3,93,139168,4,2022-05-20,2022-05-22,1500,3000,"Perezvonit, esli osvoboditsya lyuks"
937,2,42,21490,6,2022-06-28,2022-07-05,1500,3000,Hochet zaekhat poranshe
938,2,44,95739,7,2022-10-30,2022-11-03,6000,12000,
939,2,60,108465,3,2022-08-02,2022-08-13,2000,4000,Hochet vid iz okna na gory
940,2,64,73580,4,2023-01-02,2023-01-06,4000,8000,
941,1,2,149457,8,2022-07-18,2022-07-26,1000,2000,"Perezvonit, esli osvoboditsya lyuks"
942,2,74,7398,5,2022-05-21,2022-05-23,1500,3000,
943,1,33,2268,4,2023-01-03,2023-01-05,1500,3000,Hochet vid iz okna na gory
944,1,28,39648,2,2023-01-08,2023-01-09,7000,14000,"Perezvonit, esli osvoboditsya lyuks"
945,2,48,123296,4,2022-09-04,2022-09-13,1000,2000,
946,2,57,84750,1,2022-07-10,2022-07-11,1500,3000,
947,4,140,26706,8,2022-03-21,2022-03-29,1500,3000,
948,2,59,41279,3,2023-01-27,2023-01-28,5000,10000,
949,3,97,101161,5,2022-07-04,2022-07-13,2000,4000,Hochet zaekhat poranshe
950,3,101,87420,3,2022-04-15,2022-04-19,10000,20000,
951,4,136,132836,2,2022-09-24,2022-09-27,2000,4000,Hochet vid iz okna na gory
952,1,5,22340,4,2022-08-05,2022-08-17,1500,3000,
953,4,138,67348,3,2023-02-10,2023-02-23,8500,17000,
954,2,69,149349,8,2022-04-16,2022-04-25,5000,10000,
955,2,62,111516,1,2022-09-17,2022-10-01,1500,3000,Hochet zaekhat poranshe
956,2,54,26503,5,2022-06-01,2022-06-09,7000,14000,
957,4,174,47954,4,2022-06-19,2022-07-01,7000,14000,Hochet vid iz okna na gory
958,1,1,75005,8,2023-02-02,2023-02-06,2000,4000,"Perezvonit, esli osvoboditsya lyuks"
959,2,39,126335,4,2022-12-25,2023-01-08,4500,9000,
960,2,61,89685,7,2022-10-09,2022-10-11,8500,17000,
961,1,16,67799,5,2023-01-21,2023-02-02,1500,3000,
962,4,172,49284,5,2023-02-15,2023-02-16,1500,3000,
963,4,147,58738,5,2023-02-18,2023-02-22,7500,15000,Hochet zaekhat poranshe
964,3,117,43646,2,2022-12-26,2022-12-30,6500,13000,
965,4,176,144678,5,2023-01-04,2023-01-15,1000,2000,Hochet zaekhat poranshe
966,2,62,107467,5,2022-11-11,2022-11-13,1500,3000,Hochet vid iz okna na gory
967,1,24,9133,2,2023-01-09,2023-01-20,7000,14000,
968,4,131,138564,8,2022-03-13,2022-03-18,5000,10000,
969,2,42,98450,5,2022-03-29,2022-04-10,1500,3000,
970,1,7,75305,2,2022-04-27,2022-04-28,1000,2000,"Perezvonit, esli osvoboditsya lyuks"
971,1,38,39924,1,2022-12-29,2023-01-06,5000,10000,"Perezvonit, esli osvoboditsya lyuks"
972,3,93,121945,4,2022-03-28,2022-04-07,1500,3000,Hochet zaekhat poranshe
973,4,143,114388,8,2023-01-29,2023-02-11,1500,3000,
974,1,14,51296,8,2022-06-01,2022-06-02,1500,3000,
975,2,61,60315,5,2022-12-12,2022-12-26,8500,17000,Hochet vid iz okna na gory
976,3,84,106436,7,2022-11-28,2022-12-06,2000,4000,Hochet zaekhat poranshe
977,3,110,57950,2,2023-02-03,2023-02-14,2000,4000,Hochet zaekhat poranshe
978,4,151,3330,4,2022-05-28,2022-06-06,8000,16000,Hochet zaekhat poranshe
979,3,84,144347,2,2022-05-17,2022-05-25,2000,4000,
980,1,9,15624,5,2022-11-18,2022-11-21,1000,2000,
981,2,56,86489,7,2022-09-20,2022-09-23,1500,3000,
982,4,136,32126,3,2022-10-07,2022-10-21,2000,4000,
983,1,35,140023,5,2022-03-28,2022-03-31,4500,9000,Hochet vid iz okna na gory
984,4,160,10141,1,2022-08-29,2022-09-09,5500,11000,
985,1,19,105914,5,2022-06-10,2022-06-11,1500,3000,
986,4,168,12802,3,2022-10-20,2022-10-26,1000,2000,
987,4,175,35091,7,2022-10-30,2022-11-11,6500,13000,
988,2,39,76056,1,2022-08-28,2022-09-01,4500,9000,
989,1,26,37122,4,2023-02-06,2023-02-11,1000,2000,
990,2,45,49076,1,2022-07-28,2022-08-11,5000,10000,
991,3,110,76228,8,2023-02-19,2023-02-20,2000,4000,
992,4,120,27695,1,2023-02-20,2023-03-02,2000,4000,
993,2,55,31367,2,2022-05-12,2022-05-22,7500,15000,"Perezvonit, esli osvoboditsya lyuks"
994,4,124,60971,1,2023-01-17,2023-01-24,6000,12000,Hochet zaekhat poranshe
995,4,126,135157,8,2022-06-29,2022-07-07,1500,3000,
996,2,75,126618,7,2022-10-09,2022-10-21,5000,10000,
997,4,124,129395,6,2022-11-23,2022-11-29,6000,12000,Hochet vid iz okna na gory
998,3,93,126647,1,2023-01-29,2023-02-03,1500,3000,
999,4,156,102690,5,2022-09-19,2022-09-22,2000,4000,
1000,4,161,91024,8,2022-11-02,2022-11-16,2000,4000,
